##ID,,怪物组的外形和名字用该怪物的,,前上,前中,前下,中上,中中,中下,后上,后中,后下,
组ID,组名称,显示怪,备注,1号位成员,2号位成员,3号位成员,4号位成员,5号位成员,6号位成员,7号位成员,8号位成员,9号位成员,神兽位置
int,string,int,string,int,int,int,int,int,int,int,int,int,int
1,,6001,6004,,6001,,11002,11003,,,,,
2,,6002,6004,,6002,,11008,6002,,,,,
3,,6003,6007,,6003,,11013,,,,6003,,
4,,6004,6005,11018,,,,6004,,,6004,,
5,,6005,6005,6005,11023,,,,,6005,,,
6,,6007,6007,6007,,,11028,,,,6007,,
7,,6009,6007,6010,11033,,6009,,,,,,
8,,6011,6004,,,,6011,6011,,11038,,,
9,,7001,1018,,6013,,11043,7001,,,6014,,
10,,11050,1027,11047,11048,,11046,,,11050,,,
11,,11055,1019,11053,11052,,11055,11051,,,,,
12,,11060,1014,,11056,,,11060,,11057,11058,,
13,,11065,1010,,,,11062,11065,,11061,11063,,
14,,11070,1003,,11070,,11068,,,11066,11067,,
15,,11075,1008,11075,11071,,,,,11073,11072,,
16,,11080,1012,,11077,,11078,11076,,11080,,,
17,,11085,1014,11081,11085,,,11082,,11083,,,
18,,11090,1024,11087,,,11088,11090,,11086,,,
19,,11095,1009,11095,11093,,11091,,,,11092,,
20,,11100,1024,11100,11098,,11097,11096,,,,,
21,,11105,1001,,,,11101,11103,,11102,11105,,
22,,11110,1002,,11108,,11107,,,11106,11110,,
23,,11115,1022,11113,11112,,11115,,,,11111,,
24,,11120,1013,11120,,,11117,11118,,,11116,,
25,,11125,1007,,11125,,11122,11123,,11121,,,
26,,11130,1021,11127,,,11126,11130,,,11128,,
27,,11135,1013,,11131,,11132,11133,,,11135,,
28,,11140,1029,11138,,,11140,11137,,,11136,,
29,,11145,1028,11143,11145,,11142,,,,11141,,
30,,11150,1007,11148,11147,,,11150,,11146,,,
31,,11155,1015,11152,11153,,11151,11155,,,,,
32,,11160,1021,11160,11156,,11158,11157,,,,,
33,,11165,6010,11162,,,11165,11161,,,11163,,
34,,11170,6010,11168,11170,,,11166,,,11167,,
35,,11175,1018,11173,,,11175,,,11172,11171,,
36,,11180,1032,11178,,,,11180,,11176,11177,,
37,,11185,1006,11182,11183,,11181,11185,,,,,
38,,11190,1004,11190,11188,,,,,11187,11186,,
39,,11195,1021,,11195,,11191,,,11192,11193,,
40,,11200,1013,11197,11196,,,11198,,11200,,,
41,,11205,1007,,11201,,11205,11203,,,11202,,
42,,11210,1033,,,,11208,11207,,11210,11206,,
43,,11215,1032,,11214,,11213,11212,,11215,11211,,
44,,11220,1031,11220,11218,,11217,11219,,,11216,,
45,,11225,1015,11223,11224,,11222,,,11225,11221,,
46,,11230,1025,11229,11227,,,11228,,11230,11226,,
47,,11235,1028,11232,11234,,,11231,,11235,11233,,
48,,11240,1005,11239,11237,,,11238,,11236,11240,,
49,,11245,1026,,11243,,11241,11245,,11244,11242,,
50,,11250,1028,,11250,,11246,11247,,11248,11249,,
51,,11255,1030,11251,,,11254,11252,,11255,11253,,
52,,11260,1018,11260,11258,,11259,11256,,,11257,,
53,,11265,1007,11261,11264,,11263,11262,,,11265,,
54,,11270,1019,,11267,,11269,11266,,11270,11268,,
55,,11275,1026,11273,11275,,,11274,,11272,11271,,
56,,11280,1011,11279,11280,,11278,11277,,,11276,,
57,,11285,1019,11281,,,11282,11285,,11283,11284,,
58,,11290,1012,11286,11290,,11289,11287,,,11288,,
59,,11295,1009,,11294,,11292,11293,,11291,11295,,
60,,11300,1029,11297,11300,,11296,11299,,11298,,,
61,,11305,1026,11302,11304,,11303,,,11305,11301,,
62,,11310,1008,11306,11308,,11307,11310,,,11309,,
63,,11315,1006,11315,11311,,11312,,,11314,11313,,
64,,11320,1021,11320,11318,,11316,,,11319,11317,,
65,,11325,1031,,11325,,11322,11324,,11323,11321,,
66,,11330,1011,11329,11328,,11326,,,11330,11327,,
67,,11335,1022,11334,,,11332,11335,,11333,11331,,
68,,11340,1030,11338,11339,,11337,11340,,,11336,,
69,,11345,1015,11342,11345,,11343,,,11341,11344,,
70,,11350,1029,,11347,,11350,11349,,11348,11346,,
71,,11355,1020,11351,11352,,11355,11354,,,11353,,
72,,11360,1032,11358,11356,,,11360,,11359,11357,,
73,,11365,1025,,11361,,11364,11365,,11363,11362,,
74,,11370,1012,11369,11370,,11368,11367,,11366,,,
75,,11375,1033,11375,11371,,,11372,,11373,11374,,
76,,11380,1007,11377,11380,,11376,11378,,,11379,,
77,,11385,1013,11384,11383,,11382,11385,,11381,,,
78,,11390,1021,11387,11386,,11390,11388,,,11389,,
79,,11395,1009,11394,,,11395,11393,,11391,11392,,
80,,11400,1020,11397,11400,,,11396,,11399,11398,,
81,,11405,1007,11405,11403,,11401,11404,,,11402,,
82,,11410,1009,11409,11406,,,11410,,11407,11408,,
83,,11415,1029,,11413,,11412,11411,,11415,11414,,
84,,11420,1032,11417,11418,,11419,11416,,,11420,,
85,,11425,1022,,11422,,11421,11423,,11424,11425,,
86,,11430,1028,11428,11426,,11427,11429,,11430,,,
87,,11435,1020,11433,11434,,11435,11431,,,11432,,
88,,11440,1033,11438,11439,,,11440,,11436,11437,,
89,,11445,1021,,11444,,11442,11445,,11441,11443,,
90,,11450,1030,11448,11446,,,11447,,11450,11449,,
91,,11455,1009,11452,11453,,11455,11454,,11451,,,
92,,11460,1032,11458,11460,,11457,11459,,,11456,,
93,,11465,1031,11461,11463,,11464,,,11462,11465,,
94,,11470,1003,11466,11468,,,11469,,11470,11467,,
95,,11475,1028,11474,11475,,11472,,,11471,11473,,
96,,11480,1003,11479,,,11477,11478,,11480,11476,,
97,,11485,1004,11483,11481,,11482,11484,,11485,,,
98,,11490,1025,11489,11486,,11488,,,11487,11490,,
99,,11495,1031,11492,11495,,11491,11493,,,11494,,
100,,11500,1013,11497,11500,,11499,11498,,,11496,,
101,,11505,1012,11501,11503,,11504,11505,,,11502,,
102,,11510,1014,11506,,,11509,11510,,11507,11508,,
103,,11515,1005,11513,11514,,11512,11515,,,11511,,
104,,11520,1032,11517,,,11516,11519,,11518,11520,,
105,,11525,1032,11521,11524,,11523,11522,,,11525,,
106,,11530,1028,11530,11528,,11526,11529,,11527,,,
107,,11535,1019,11531,,,11533,11534,,11532,11535,,
108,,11540,1012,11540,11537,,11536,,,11538,11539,,
109,,11545,1020,11543,11544,,11545,,,11541,11542,,
110,,11550,1005,11549,,,11547,11548,,11546,11550,,
111,,11555,1032,,11553,,11555,11552,,11551,11554,,
112,,11560,1020,11557,11560,,11558,11556,,,11559,,
113,,11565,1011,11563,11562,,11564,11565,,11561,,,
114,,11570,1005,11568,11566,,11570,,,11567,11569,,
115,,11575,1010,11574,11573,,11572,11571,,11575,,,
116,,11580,1011,11580,11579,,,11576,,11578,11577,,
117,,11585,1023,11581,11585,,11584,11583,,11582,,,
118,,11590,1010,11587,11589,,11590,11588,,11586,,,
119,,11595,1030,11591,11592,,11594,11595,,11593,,,
120,,11600,1005,11597,,,11596,11600,,11599,11598,,
121,,11605,1013,11603,,,11601,11604,,11602,11605,,
122,,11610,1024,,11609,,11606,11608,,11607,11610,,
123,,11615,1029,11612,11615,,,11613,,11614,11611,,
124,,11620,1026,,11618,,11620,11619,,11617,11616,,
125,,11625,6010,11623,11622,,11625,11621,,11624,,,
126,,11630,1032,11626,11628,,11629,11627,,11630,,,
127,,11635,1017,11635,11634,,11631,11633,,,11632,,
128,,11640,1027,11639,11636,,,11638,,11640,11637,,
129,,11645,1030,,11644,,11643,11642,,11645,11641,,
130,,11650,1007,11646,11648,,,11649,,11650,11647,,
131,,11655,1013,11655,11652,,11651,11653,,11654,,,
132,,11660,1025,11656,11659,,11658,11657,,11660,,,
133,,11665,1032,11661,11663,,,11665,,11664,11662,,
134,,11670,1013,11669,11666,,11668,11670,,,11667,,
135,,11675,1010,11675,11673,,11671,11674,,11672,,,
136,,11680,1028,11679,11678,,,11677,,11680,11676,,
137,,11685,1024,,11683,,11682,11684,,11681,11685,,
138,,11690,1027,,11689,,11688,11690,,11686,11687,,
139,,11695,1005,,11693,,11691,11694,,11695,11692,,
140,,11700,1004,,11699,,11700,11696,,11698,11697,,
141,,11705,1027,11703,11704,,11702,11705,,,11701,,
142,,11710,1026,,11709,,11706,11710,,11708,11707,,
143,,11715,1007,11713,11711,,11712,11714,,,11715,,
144,,11720,1024,11719,11717,,11716,,,11720,11718,,
145,,11725,1014,11722,11723,,11721,11724,,,11725,,
146,,11730,1033,11726,11729,,11730,11728,,11727,,,
147,,11735,1014,11734,11735,,11733,11731,,11732,,,
148,,11740,1033,11740,11737,,11739,11736,,11738,,,
149,,11745,1011,11744,11741,,11745,11743,,11742,,,
150,,11750,6010,,11747,,11746,11749,,11750,11748,,
151,,11755,1009,11753,11755,,11752,11754,,,11751,,
152,,11760,6010,11760,11758,,11756,11759,,,11757,,
153,,11765,1007,,11761,,11765,11764,,11763,11762,,
154,,11770,1010,11770,11767,,11768,,,11769,11766,,
155,,11775,1021,11775,,,11771,11773,,11774,11772,,
156,,11780,1021,11780,11776,,11777,11779,,11778,,,
157,,11785,1023,11783,11784,,11782,,,11781,11785,,
158,,11790,1012,11788,11787,,11790,,,11786,11789,,
159,,11795,1026,,11795,,11794,11792,,11791,11793,,
160,,11800,1010,11797,11796,,11799,11798,,11800,,,
161,,11805,1029,11805,11803,,11802,11804,,11801,,,
162,,11810,1002,11807,11806,,11809,11810,,11808,,,
163,,11815,1007,11813,11811,,11812,,,11815,11814,,
164,,11820,1023,11816,11818,,11819,11820,,,11817,,
165,,11825,1011,11823,,,11822,11824,,11821,11825,,
166,,11830,1015,11829,,,11828,11826,,11827,11830,,
167,,11835,1011,11832,11834,,11831,11835,,11833,,,
168,,11840,1027,11838,,,11839,11836,,11840,11837,,
169,,11845,1007,11845,11843,,11842,11844,,,11841,,
170,,11850,1028,11849,11848,,11850,11846,,,11847,,
171,,11855,1028,11851,11854,,11853,11855,,11852,,,
172,,11860,1012,11860,11859,,11858,11857,,11856,,,
173,,11865,1013,11864,,,11861,11862,,11865,11863,,
174,,11870,1026,11866,11868,,11869,11867,,,11870,,
175,,11875,1010,11873,11874,,11875,11872,,,11871,,
176,,11880,1029,11879,,,11876,11877,,11880,11878,,
177,,11885,1025,11881,11884,,,11883,,11882,11885,,
178,,11890,1014,11889,11886,,11888,11887,,,11890,,
179,,11895,1028,11895,,,11892,11894,,11891,11893,,
180,,11900,1032,11899,11898,,11900,,,11897,11896,,
181,,11905,1031,11901,11902,,,11903,,11904,11905,,
182,,11910,1005,11908,11906,,11910,11907,,11909,,,
183,,11915,1030,11913,11911,,,11912,,11914,11915,,
184,,11920,1019,11918,11917,,,11919,,11920,11916,,
185,,11925,1002,11921,,,11923,11925,,11922,11924,,
186,,11930,1032,11926,11927,,11928,11930,,,11929,,
187,,11935,1022,11934,11933,,11932,11931,,11935,,,
188,,11940,1005,11940,,,11937,11938,,11936,11939,,
189,,11945,1017,11944,,,11945,11941,,11943,11942,,
190,,11950,1001,11950,11948,,,11947,,11946,11949,,
191,,11955,1019,,11955,,11953,11954,,11951,11952,,
192,,11960,1029,11959,11958,,,11956,,11960,11957,,
193,,11965,1008,11963,11965,,11961,11962,,,11964,,
194,,11970,1006,11967,11968,,,11966,,11970,11969,,
195,,11975,1009,11973,11972,,11971,11975,,11974,,,
196,,11980,1010,,11977,,11976,11978,,11980,11979,,
197,,11985,1017,,11981,,11984,11983,,11985,11982,,
198,,11990,1001,11988,11990,,11986,11987,,,11989,,
199,,11995,1019,11995,11992,,11991,11994,,11993,,,
200,,12000,1011,,11996,,12000,11998,,11999,11997,,
201,,12005,1006,,12003,,12002,12005,,12001,12004,,
202,,12010,1023,12006,,,12008,12009,,12007,12010,,
203,,12015,1028,12013,12012,,,12014,,12015,12011,,
204,,12020,1012,12018,12016,,,12019,,12017,12020,,
205,,12025,1019,12025,,,12022,12024,,12021,12023,,
206,,12030,1015,12027,12030,,12028,12029,,,12026,,
207,,12035,1019,12033,12032,,12035,,,12034,12031,,
208,,12040,6010,,12039,,12040,12038,,12036,12037,,
209,,12045,1009,12043,,,12042,12044,,12041,12045,,
210,,12050,1013,12049,12046,,,12047,,12048,12050,,
211,,12055,1022,12052,12054,,12053,12055,,12051,,,
212,,12060,1009,12059,12060,,12057,12058,,,12056,,
213,,12065,1002,12065,12062,,12064,,,12063,12061,,
214,,12070,1007,12068,,,12066,12069,,12070,12067,,
215,,12075,1031,12071,12072,,,12075,,12074,12073,,
216,,12080,1008,,12078,,12076,12079,,12077,12080,,
217,,12085,1017,12083,12081,,,12084,,12085,12082,,
218,,12090,1023,12090,,,12087,12086,,12088,12089,,
219,,12095,1024,,12091,,12095,12093,,12094,12092,,
220,,12100,1027,12100,,,12096,12097,,12098,12099,,
221,,12105,1030,12104,12102,,,12105,,12101,12103,,
222,,12110,1033,12108,,,12106,12109,,12107,12110,,
223,,12115,1001,12115,,,12112,12113,,12114,12111,,
224,,12120,1008,12116,12117,,12118,12119,,12120,,,
225,,12125,1027,12121,12124,,12123,,,12125,12122,,
226,,12130,1020,12127,12126,,,12129,,12130,12128,,
227,,12135,1012,12133,12135,,12134,12131,,,12132,,
228,,12140,1019,12136,,,12138,12137,,12139,12140,,
229,,12145,1002,12143,,,12142,12144,,12141,12145,,
230,,12150,1012,12146,12148,,12149,,,12147,12150,,
231,,12155,6010,,12152,,12153,12155,,12151,12154,,
232,,12160,1023,12160,12159,,,12157,,12158,12156,,
233,,12165,1022,,12162,,12163,12161,,12164,12165,,
234,,12170,1002,12167,12168,,12169,,,12166,12170,,
235,,12175,1031,12174,,,12172,12175,,12173,12171,,
236,,12180,1026,12179,12176,,,12180,,12178,12177,,
237,,12185,1032,12185,12184,,12182,12181,,12183,,,
238,,12190,1029,12186,12187,,,12188,,12190,12189,,
239,,12195,1018,12193,,,12192,12194,,12195,12191,,
240,,12200,1026,12196,12198,,,12197,,12199,12200,,
241,,12205,1006,12201,12202,,12203,,,12205,12204,,
242,,12210,1031,12209,12208,,,12206,,12207,12210,,
243,,12215,1012,12214,,,12211,12215,,12212,12213,,
244,,12220,1029,12218,,,12220,12216,,12217,12219,,
245,,12225,1009,12221,,,12222,12225,,12224,12223,,
246,,12230,1023,12230,12228,,12226,12229,,12227,,,
247,,12235,1025,12232,12233,,,12231,,12235,12234,,
248,,12240,1006,12240,12238,,12236,12239,,12237,,,
249,,12245,1027,,12245,,12243,12241,,12244,12242,,
250,,12250,1014,,12246,,12247,12249,,12250,12248,,
251,,12255,1018,12252,12254,,,12251,,12255,12253,,
252,,12260,1010,12259,12260,,,12258,,12257,12256,,
253,,12265,1005,12264,12261,,12262,12263,,,12265,,
254,,12270,1033,12267,12266,,,12268,,12270,12269,,
255,,12275,1028,12275,,,12271,12272,,12273,12274,,
256,,12280,1021,12276,12280,,12278,12279,,,12277,,
257,,12285,1019,12282,12281,,,12284,,12285,12283,,
258,,12290,1008,12289,12290,,12288,12287,,12286,,,
259,,12295,1025,12292,,,12293,12294,,12291,12295,,
260,,12300,1032,12296,12297,,12299,12298,,12300,,,
261,,12305,1031,12303,12301,,12305,,,12304,12302,,
262,,12310,1023,12306,12310,,12307,12309,,,12308,,
263,,12315,1023,12313,12311,,12315,12312,,,12314,,
264,,12320,1033,12317,12316,,12319,12320,,12318,,,
265,,12325,1009,12322,12323,,12324,12321,,,12325,,
266,,12330,1019,12330,12329,,,12326,,12327,12328,,
267,,12335,1020,,12334,,12331,12332,,12333,12335,,
268,,12340,1010,12339,12336,,12340,12337,,12338,,,
269,,12345,1030,12345,12343,,,12344,,12342,12341,,
270,,12350,6010,,12348,,12347,12349,,12346,12350,,
271,,12355,1015,12354,12355,,12353,12351,,,12352,,
272,,12360,1005,12357,12356,,,12360,,12359,12358,,
273,,12365,1005,12363,12365,,,12364,,12362,12361,,
274,,12370,1026,12367,12369,,,12368,,12370,12366,,
275,,12375,1005,12371,,,12375,12374,,12373,12372,,
276,,12380,1023,12378,12376,,,12377,,12380,12379,,
277,,12385,1027,12383,12384,,12382,12385,,,12381,,
278,,12390,1031,12387,12389,,,12390,,12386,12388,,
279,,12395,1002,12392,12393,,12391,12394,,12395,,,
280,,12400,1021,12396,12400,,12398,12397,,12399,,,
281,,12405,1026,,12401,,12402,12404,,12405,12403,,
282,,12410,1032,12406,,,12410,12408,,12409,12407,,
283,,12415,1026,12413,,,12412,12415,,12411,12414,,
284,,12420,1012,12418,12416,,12417,,,12419,12420,,
285,,12425,1011,12425,12424,,12422,12421,,,12423,,
286,,12430,1025,12427,12428,,12429,12426,,,12430,,
287,,12435,1017,12434,12433,,,12431,,12432,12435,,
288,,12440,1015,12439,12440,,12437,12438,,,12436,,
289,,12445,1010,12445,12443,,12442,12441,,12444,,,
290,,12450,1023,12446,12447,,,12448,,12450,12449,,
291,,12455,1006,12455,12452,,,12453,,12454,12451,,
292,,12460,6010,,12458,,12460,12457,,12456,12459,,
293,,12465,6010,12464,12461,,12462,12463,,,12465,,
294,,12470,1001,12466,12470,,,12469,,12468,12467,,
295,,12475,1005,,12472,,12474,12475,,12471,12473,,
296,,12480,1001,12476,,,12480,12479,,12478,12477,,
297,,12485,1005,12483,12484,,12482,12481,,,12485,,
298,,12490,1028,,12490,,12488,12489,,12486,12487,,
299,,12495,1033,12495,,,12493,12492,,12491,12494,,
300,,12500,1029,12496,12499,,12498,12500,,12497,,,
301,,12505,1030,,12504,,12502,12505,,12501,12503,,
302,,12510,1007,12509,12507,,12506,12510,,12508,,,
303,,12515,1024,12511,12514,,12512,,,12513,12515,,
304,,12520,1009,12518,12519,,12516,12517,,12520,,,
305,,12525,1032,12522,,,12524,12523,,12521,12525,,
306,,12530,1030,12530,,,12529,12528,,12526,12527,,
307,,12535,1031,12533,,,12531,12534,,12535,12532,,
308,,12540,1023,,12540,,12538,12537,,12539,12536,,
309,,12545,1008,,12544,,12543,12541,,12545,12542,,
310,,12550,1031,12547,,,12550,12549,,12546,12548,,
311,,12555,1013,12551,12553,,12552,12554,,12555,,,
312,,12560,1006,12560,12559,,12556,12557,,12558,,,
313,,12565,1012,12563,12564,,,12562,,12561,12565,,
314,,12570,1019,12570,,,12566,12568,,12567,12569,,
315,,12575,1007,,12572,,12573,12575,,12571,12574,,
316,,12580,6010,12580,,,12576,12577,,12578,12579,,
317,,12585,1013,12585,,,12581,12584,,12583,12582,,
318,,12590,1021,12589,12587,,12588,12590,,12586,,,
319,,12595,1021,12592,12591,,,12593,,12594,12595,,
320,,12600,1003,12599,12598,,12597,12596,,12600,,,
321,,12605,1001,12604,12602,,12603,,,12605,12601,,
322,,12610,1031,12607,12610,,12606,,,12609,12608,,
323,,12615,6010,,12611,,12613,12614,,12612,12615,,
324,,12620,1019,12616,12618,,12620,,,12619,12617,,
325,,12625,1001,,12622,,12624,12623,,12625,12621,,
326,,12630,1013,12629,,,12628,12627,,12626,12630,,
327,,12635,1028,12631,12633,,12632,12634,,12635,,,
328,,12640,1029,12638,12637,,12636,,,12640,12639,,
329,,12645,1015,,12641,,12642,12644,,12645,12643,,
330,,12650,1025,,12646,,12648,12647,,12650,12649,,
331,,12655,1030,12653,12654,,12655,12652,,,12651,,
332,,12660,1014,12656,,,12657,12658,,12660,12659,,
333,,12665,1009,12663,12662,,12661,,,12665,12664,,
334,,12670,1033,12670,12667,,12668,12666,,12669,,,
335,,12675,1011,,12674,,12671,12672,,12675,12673,,
336,,12680,1018,12679,12677,,12680,12676,,,12678,,
337,,12685,1011,12684,12681,,,12683,,12685,12682,,
338,,12690,6010,12687,12686,,12690,,,12689,12688,,
339,,12695,1009,12692,12691,,,12693,,12695,12694,,
340,,12700,1022,12698,12697,,12696,12699,,12700,,,
341,,12705,1024,,12702,,12701,12705,,12704,12703,,
342,,12710,1025,12707,,,12710,12706,,12708,12709,,
343,,12715,1005,12715,12713,,12714,12711,,,12712,,
344,,12720,1024,12720,12717,,12719,12718,,12716,,,
345,,12725,1011,,12725,,12724,12723,,12722,12721,,
346,,12730,1012,12726,12730,,,12729,,12728,12727,,
347,,12735,1006,12731,12733,,12735,12734,,,12732,,
348,,12740,1021,12739,,,12738,12736,,12737,12740,,
349,,12745,1015,12742,12743,,,12744,,12741,12745,,
350,,12750,1022,12747,,,12749,12750,,12746,12748,,
351,,12755,1026,12754,12752,,,12755,,12753,12751,,
352,,12760,1020,12759,12760,,12756,,,12757,12758,,
353,,12765,6010,12763,12762,,12761,12765,,12764,,,
354,,12770,6010,12769,12766,,,12770,,12768,12767,,
355,,12775,1013,12771,12772,,12773,12775,,12774,,,
356,,12780,1019,12780,,,12777,12779,,12778,12776,,
357,,12785,1027,12785,12784,,12783,12782,,12781,,,
358,,12790,1027,12788,12787,,12790,12789,,,12786,,
359,,12795,1029,12795,12793,,12792,12791,,12794,,,
360,,12800,1028,12799,12796,,12797,12798,,,12800,,
361,,12805,1033,12802,,,12804,12801,,12803,12805,,
362,,12810,1005,12808,12806,,12809,12807,,12810,,,
363,,12815,1010,12812,12813,,12815,,,12814,12811,,
364,,12820,1028,12817,,,12818,12816,,12819,12820,,
365,,12825,1001,12825,12824,,,12822,,12821,12823,,
366,,12830,1007,12829,12827,,12830,,,12826,12828,,
367,,12835,1022,12831,,,12833,12832,,12834,12835,,
368,,12840,1023,12838,,,12837,12840,,12839,12836,,
369,,12845,1029,,12844,,12843,12845,,12841,12842,,
370,,12850,1005,,12846,,12849,12848,,12847,12850,,
371,,12855,1009,12855,12853,,12852,12854,,,12851,,
372,,12860,1026,,12857,,12856,12858,,12859,12860,,
373,,12865,1016,,12862,,12861,12864,,12865,12863,,
374,,12870,1020,,12866,,12868,12867,,12869,12870,,
375,,12875,1024,12872,12873,,12874,,,12871,12875,,
376,,12880,1033,12880,12878,,12877,12879,,,12876,,
377,,12885,1018,12882,12884,,12883,,,12881,12885,,
378,,12890,1032,12888,12889,,12887,,,12890,12886,,
379,,12895,1025,12893,12891,,12892,12894,,12895,,,
380,,12900,1017,12900,,,12897,12896,,12899,12898,,
381,,12905,1030,12901,12905,,,12904,,12902,12903,,
382,,12910,1009,12909,,,12910,12908,,12907,12906,,
383,,12915,1024,12914,12912,,12915,12913,,12911,,,
384,,12920,1007,12919,12917,,12920,,,12918,12916,,
385,,12925,1003,,12924,,12923,12922,,12925,12921,,
386,,9001,,8002,9001,,,8001,,8001,8002,,
387,,9002,,9002,8004,,,8003,,8003,8004,,
388,,9003,,,8006,,8006,9003,,8005,8005,,
389,,9004,,8007,9004,,,8008,,8007,8008,,
390,,9005,,8009,,,8009,8010,,8010,9005,,
391,,9006,,,8012,,8011,8011,,9006,8012,,
392,,9007,,8014,8013,,8014,9007,,8013,,,
393,,9008,,9008,8015,,,8015,,8016,8016,,
394,,9009,,8018,,,9009,8017,,8018,8017,,
395,,9010,,9010,8019,,8020,8019,,8020,,,
396,,9011,,8021,8022,,9011,8022,,8021,,,
397,,9012,,9012,8024,,8023,8024,,8023,,,
398,,9013,,,8025,,8026,8026,,8025,9013,,
399,,9014,,8027,9014,,8028,,,8028,8027,,
400,,9015,,8030,8029,,8030,,,8029,9015,,
401,,9016,,8031,9016,,8032,8032,,8031,,,
402,,9017,,8034,8033,,,8033,,8034,9017,,
403,,9018,,9018,8035,,8035,8036,,,8036,,
404,,9019,,8038,8038,,8037,,,9019,8037,,
405,,9020,,8040,,,8040,8039,,9020,8039,,
406,,9021,,8041,8041,,,8042,,8042,9021,,
407,,9022,,8043,8044,,,8044,,9022,8043,,
408,,9023,,,8045,,9023,8046,,8045,8046,,
409,,9024,,8048,9024,,8047,,,8048,8047,,
410,,9025,,8050,8050,,8049,,,9025,8049,,
411,,9026,,8051,8052,,9026,8051,,,8052,,
412,,9027,,9027,,,8054,8053,,8053,8054,,
413,,9028,,9028,,,8056,8055,,8056,8055,,
414,,9029,,8057,8058,,,9029,,8058,8057,,
415,,9030,,8059,9030,,,8059,,9031,9032,,
416,,9033,,8060,9035,,9034,9033,,,8060,,
417,,9036,,9038,9037,,8061,8061,,9036,,,
418,,9039,,9040,9039,,8062,8062,,,9041,,
419,,9042,,,8063,,8063,9043,,9044,9042,,
420,,9045,,8064,9046,,9045,9047,,,8064,,
421,,9048,,9049,8065,,9048,9050,,8065,,,
422,,9051,,9051,8066,,,8066,,9052,9053,,
423,,9054,,8067,,,8067,9055,,9056,9054,,
424,,9057,,9058,8068,,9059,,,8068,9057,,
425,,9060,,,8069,,9060,9061,,9062,8069,,
426,,9063,,9065,9063,,8070,,,9064,8070,,
427,,9066,,8071,,,9066,8071,,9067,9068,,
428,,9069,,8072,,,9069,9070,,8072,9071,,
429,,9072,,9073,9072,,,8073,,9074,8073,,
430,,9075,,9075,8074,,,9077,,8074,9076,,
431,,9078,,8075,9080,,9079,8075,,9078,,,
432,,9081,,9083,9081,,9082,,,8076,8076,,
433,,9084,,9084,9085,,8077,,,9086,8077,,
434,,9087,,8078,9087,,9088,9089,,8078,,,
435,,9090,,9091,9092,,,8079,,8079,9090,,
436,,9093,,9095,9094,,8080,,,8080,9093,,
437,,9096,,9098,8081,,,9096,,9097,8081,,
438,,9099,,,8082,,9099,8082,,9100,9101,,
439,,9102,,,9103,,8083,9104,,8083,9102,,
440,,9105,,,8084,,9106,9105,,9107,8084,,
441,,9108,,,9110,,9109,8085,,8085,9108,,
442,,9111,,9113,8086,,8086,9111,,9112,,,
443,,9114,,8087,8087,,9116,9114,,9115,,,
444,,9117,,8088,8088,,9119,,,9117,9118,,
445,,9120,,9124,9123,,9120,9122,,9121,,,
446,,9125,,9128,,,9125,9126,,9127,9129,,
447,,9130,,9131,9134,,9132,9133,,9130,,,
448,,9135,,9139,9136,,9138,9135,,,9137,,
449,,9140,,9141,9144,,,9140,,9143,9142,,
450,,9145,,,9145,,9149,9146,,9147,9148,,
451,,9150,,9154,9150,,9151,,,9152,9153,,
452,,9155,,9157,9159,,,9156,,9155,9158,,
453,,9160,,9162,9163,,,9164,,9160,9161,,
454,,9165,,,9166,,9165,9168,,9167,9169,,
455,,9170,,,9171,,9170,9174,,9173,9172,,
456,,9175,,9178,9177,,9179,,,9175,9176,,
457,,9180,,9180,,,9183,9184,,9182,9181,,
458,,9185,,9186,9188,,9187,9189,,,9185,,
459,,9190,,9192,9194,,9190,9191,,9193,,,
460,,9195,,9197,9199,,9196,9195,,9198,,,
461,,9200,,9200,9203,,9204,9202,,9201,,,
462,,9205,,9208,9207,,,9206,,9209,9205,,
463,,9210,,9210,9213,,9211,9212,,9214,,,
464,,9215,,,9215,,9219,9217,,9216,9218,,
465,,9220,,9222,9224,,9221,9220,,9223,,,
466,,9225,,9226,9229,,,9225,,9228,9227,,
467,,9230,,9234,9233,,,9230,,9232,9231,,
468,,9235,,,9237,,9239,9235,,9236,9238,,
469,,9240,,,9243,,9240,9241,,9242,9244,,
470,,9245,,9246,9248,,9249,9245,,,9247,,
471,,9250,,,9250,,9251,9252,,9253,9254,,
472,,9255,,9255,9258,,9259,9256,,,9257,,
473,,9260,,9260,9264,,9263,9262,,,9261,,
474,,9265,,,9268,,9266,9269,,9267,9265,,
475,,9270,,,9272,,9273,9274,,9270,9271,,
476,,9275,,9275,9276,,9279,9278,,9277,,,
477,,9280,,,9281,,9280,9283,,9284,9282,,
478,,9285,,9287,,,9285,9289,,9288,9286,,
479,,9290,,9293,,,9291,9294,,9290,9292,,
480,,9295,,9297,9295,,9296,,,9298,9299,,
481,,9300,,9301,9300,,9302,,,9303,9304,,
482,,9305,,9308,9307,,,9306,,9305,9309,,
483,,9310,,9311,9314,,9313,9312,,,9310,,
484,,9315,,9315,9319,,,9316,,9317,9318,,
485,,9320,,9320,9324,,,9321,,9323,9322,,
486,,10022,,10004,10017,,10012,10014,,,10022,,
487,,10028,,10008,,,10017,10011,,10023,10028,,
488,,10019,,10019,10024,,10017,10013,,10017,,,
489,,10010,,10020,,,10025,10002,,10017,10010,,
490,,10012,,,10007,,10017,10027,,10029,10012,,
491,,10004,,10017,10004,,10026,,,10017,10018,,
492,,10015,,10030,10017,,10006,,,10015,10003,,
493,,10029,,10011,10029,,10017,,,10026,10007,,
494,,10032,,10031,,,10032,10017,,10030,10006,,
495,,10032,,10017,10001,,10007,10032,,,10004,,
496,,10030,,10003,,,10015,10017,,10006,10030,,
497,,10005,,10017,10013,,10014,10033,,10005,,,
498,,10012,,10030,10017,,10012,10014,,,10024,,
499,,10018,,10017,10007,,10029,,,10018,10015,,
500,,10005,,10012,10017,,,10013,,10016,10005,,
501,,10003,,10030,10017,,10003,,,10026,10011,,
502,,10011,,10011,10002,,10030,,,10017,10027,,
503,,10016,,,10023,,10016,10017,,10011,10017,,
504,,10009,,10028,10004,,10013,10009,,10017,,,
505,,10030,,10017,10004,,,10013,,10030,10002,,
506,,10034,,,,,,10034,,,,,
507,,10035,,,,,,10035,,,,,
508,,10036,,,,,,10036,,,,,
509,,10037,,,,,,10037,,,,,
510,,10038,,,,,,10038,,,,,
511,,10039,,,,,,10039,,,,,
512,,10040,,,,,,10040,,,,,
513,,10041,,,,,,10041,,,,,
514,,10042,,,,,,10042,,,,,
515,,10043,,,,,,10043,,,,,
516,,10044,,,,,,10044,,,,,
517,,10045,,,,,,10045,,,,,
518,,10046,,,,,,10046,,,,,
519,,10047,,,,,,10047,,,,,
520,,10048,,,,,,10048,,,,,
521,,10049,,,,,,10049,,,,,
522,,10050,,,,,,10050,,,,,
523,,10051,,,,,,10051,,,,,
524,,10052,,,,,,10052,,,,,
525,,10053,,,,,,10053,,,,,
526,,10054,,,,,,10054,,,,,
527,,10055,,,,,,10055,,,,,
528,,10056,,,,,,10056,,,,,
529,,10057,,,,,,10057,,,,,
530,,10058,,,,,,10058,,,,,
531,,10059,,,,,,10059,,,,,
532,,10060,,,,,,10060,,,,,
533,,10061,,,,,,10061,,,,,
534,,10062,,,,,,10062,,,,,
535,,10063,,,,,,10063,,,,,
536,,10064,,,,,,10064,,,,,
537,,10065,,,,,,10065,,,,,
538,,10066,,,,,,10066,,,,,
539,1,6001,,,,,6001,11003,,,11002,,
540,2,6002,,6002,11008,,6002,,,,,,
541,3,6003,,,6003,,6003,,,,11013,,
542,4,6004,,6004,,,6004,11018,,,,,
543,5,6006,,,6006,,,,,11023,6006,,
544,6,6008,,6008,,,,6008,,,11028,,
545,7,6010,,,,,11033,,,6010,6009,,
546,8,6012,,,,,,6012,,6012,11038,,
547,9,6014,,6014,,,,6013,,,6013,,
548,10,6016,,6015,,,6016,,,6016,,,
549,11,6018,,,6018,,6018,6018,,,,,
550,12,6020,,6020,6020,,,6020,,,,,
551,13,6022,,,6022,,,6021,,6021,,,
552,14,6024,,,6024,,,6023,,6023,,,
553,15,6026,,,6025,,6025,6026,,,,,
554,16,6028,,,,,6028,6027,,6027,,,
555,17,6030,,6030,6030,,,6030,,,,,
556,18,6032,,,,,6031,6032,,6032,,,
557,19,6034,,6033,6033,,,6034,,,,,
558,20,6036,,6036,,,6036,6036,,,,,
559,21,6038,,6038,,,,6038,,6037,,,
560,22,6040,,6039,,,,6040,,,6040,,
561,23,6042,,6042,6042,,,6042,,,,,
562,24,6044,,6044,6043,,6044,,,,,,
563,25,6046,,6045,6046,,6046,6046,,,,,
564,26,6048,,6048,,,6048,6048,,,6047,,
565,27,6050,,,6050,,6049,,,6049,6049,,
566,28,6052,,,,,6052,6052,,6051,6051,,
567,29,6054,,6054,6053,,6053,,,6053,,,
568,30,6056,,6056,6056,,6055,,,6055,,,
569,31,6058,,6057,,,,6058,,6057,6058,,
570,32,6060,,,6060,,6060,6060,,6059,,,
571,33,6062,,,6062,,6062,6062,,6061,,,
572,34,6064,,,,,6063,6064,,6063,6063,,
573,35,6066,,,,,6065,6066,,6065,6065,,
574,36,6068,,,6068,,6067,6068,,6068,,,
575,37,6070,,,6070,,,6069,,6070,6069,,
576,38,6072,,6072,,,6072,,,6072,6071,,
577,39,6074,,,6074,,6073,6074,,6073,,,
578,40,6076,,6076,,,,6076,,6076,6075,,
579,41,6078,,6077,6078,,6078,,,,6077,,
580,42,6080,,,6080,,6080,6080,,,6079,,
581,43,6082,,6082,6081,,6082,6081,,6081,,,
582,44,6084,,6083,6084,,6084,6084,,6083,,,
583,45,6086,,,6085,,6085,6086,,6086,6085,,
584,46,6088,,6087,6087,,6088,,,6087,6088,,
585,47,6090,,6090,6089,,6089,6090,,6090,,,
586,48,6092,,6092,,,6091,6091,,6091,6091,,
587,49,6094,,6094,,,6093,6093,,6093,6093,,
588,50,6096,,6095,6095,,6096,,,6096,6096,,
589,51,6098,,,6097,,6097,6097,,6098,6098,,
590,52,6100,,6099,6099,,6099,6100,,,6099,,
591,53,6102,,6101,6101,,,6102,,6101,6101,,
592,54,6104,,6103,6103,,6103,6104,,,6103,,
593,55,6106,,6106,6106,,6106,,,6105,6105,,
594,56,6108,,6107,6108,,6107,,,6107,6107,,
595,57,6110,,,6109,,6110,6110,,6109,6109,,
596,58,6112,,6111,,,6112,6111,,6111,6111,,
597,59,6114,,6114,6113,,6114,6113,,6114,,,
598,60,6116,,6116,6115,,6115,,,6116,6116,,
599,61,6118,,6117,,,6118,6118,,6117,6117,,
600,62,6120,,6119,6120,,6120,6119,,6119,,,
601,63,6122,,6121,6122,,6121,6121,,,6121,,
602,64,6124,,6123,6124,,6124,,,6124,6123,,
603,65,6126,,6126,6125,,6126,6126,,6125,,,
604,66,6128,,6127,6128,,6127,6127,,6127,,,
605,67,6130,,6130,6129,,6130,,,6129,6129,,
606,68,6132,,6132,,,6131,6131,,6131,6131,,
607,69,6134,,6134,,,6133,6134,,6133,6133,,
608,70,6136,,6136,6135,,6136,6135,,6135,,,
609,71,6138,,,6138,,6138,6137,,6137,6137,,
610,72,6140,,6139,,,6140,6139,,6139,6139,,
611,73,6142,,6142,,,6142,6141,,6142,6141,,
612,74,6144,,6143,6143,,6143,6143,,6144,,,
613,75,6146,,6146,6145,,6145,,,6146,6146,,
614,76,6148,,,6147,,6148,6148,,6147,6148,,
615,77,6150,,6150,6149,,,6150,,6150,6149,,
616,78,6152,,6152,6151,,6151,6151,,,6151,,
617,79,6154,,6154,6153,,,6153,,6153,6153,,
618,80,6156,,,6156,,6156,6155,,6156,6155,,
619,81,6158,,6157,,,6157,6158,,6158,6157,,
620,82,6160,,6160,6159,,,6160,,6159,6160,,
621,83,6162,,6162,,,6162,6161,,6161,6162,,
622,84,6164,,6164,6164,,6163,6163,,6164,,,
623,85,6166,,,6166,,6165,6165,,6165,6166,,
624,86,6168,,6167,6168,,6168,,,6167,6168,,
625,87,6170,,6170,6170,,6169,,,6169,6169,,
626,88,6172,,6171,6172,,,6171,,6172,6172,,
627,89,6174,,6173,6173,,6174,,,6173,6173,,
628,90,6176,,6175,6175,,6176,6175,,,6175,,
629,91,6178,,6178,6178,,6177,6177,,6177,,,
630,92,6180,,6180,6179,,6180,6179,,,6180,,
631,93,6182,,6181,6181,,,6181,,6182,6181,,
632,94,6184,,,6183,,6184,6184,,6183,6184,,
633,95,6186,,6186,6185,,6185,,,6185,6186,,
634,96,6188,,6187,6187,,,6187,,6188,6188,,
635,97,6190,,6190,6190,,,6190,,6189,6189,,
636,98,6192,,6191,,,6191,6192,,6191,6191,,
637,99,6194,,6193,6194,,,6193,,6194,6194,,
638,100,6196,,,6195,,6195,6195,,6196,6196,,
639,101,6198,,6198,6198,,6197,6197,,6197,,,
640,102,6200,,6199,6199,,,6199,,6199,6200,,
641,103,6202,,6202,6201,,6201,6201,,,6201,,
642,104,6204,,,6203,,6203,6203,,6204,6203,,
643,105,6206,,,6205,,6205,6206,,6205,6205,,
644,106,6208,,6208,6208,,,6207,,6207,6207,,
645,107,6210,,6209,6209,,6209,,,6210,6209,,
646,108,6212,,6212,6211,,6211,,,6211,6212,,
647,109,6214,,6214,6213,,6213,6213,,6213,,,
648,110,6216,,6216,6215,,6215,,,6216,6215,,
649,111,6218,,,6217,,6217,6218,,6218,6218,,
650,112,6220,,6219,6220,,6220,,,6219,6220,,
651,113,6222,,6221,6221,,6221,,,6221,6222,,
652,114,6224,,6223,6224,,6224,,,6223,6224,,
653,115,6226,,6225,,,6225,6225,,6225,6226,,
654,116,6228,,6227,6227,,,6227,,6227,6228,,
655,117,6230,,,6229,,6230,6230,,6229,6230,,
656,118,6232,,,6231,,6232,6231,,6232,6232,,
657,119,6234,,6233,6233,,,6234,,6233,6233,,
658,120,6236,,6235,6235,,6235,,,6236,6235,,
659,121,6238,,,6238,,6238,6238,,6237,6237,,
660,122,6240,,,6239,,6239,6239,,6240,6240,,
661,123,6242,,,6241,,6241,6241,,6241,6242,,
662,124,6244,,6243,6244,,6244,6243,,,6243,,
663,125,6246,,,6246,,6245,6245,,6245,6245,,
664,126,6248,,6248,6247,,6247,6248,,6247,,,
665,127,6250,,6250,6249,,6249,,,6250,6250,,
666,128,6252,,,6251,,6251,6252,,6252,6251,,
667,129,6254,,,6254,,6253,6254,,6254,6253,,
668,130,6256,,6256,6256,,6256,6255,,,6255,,
669,131,6258,,6257,6258,,6257,6257,,,6257,,
670,132,6260,,6259,6260,,6260,6259,,6260,,,
671,133,6262,,,6261,,6261,6261,,6262,6261,,
672,134,6264,,6263,6264,,6264,,,6264,6263,,
673,135,6266,,6265,6265,,6266,,,6265,6266,,
674,136,6268,,6267,6267,,6267,6268,,,6267,,
675,137,6270,,6270,6269,,,6270,,6269,6270,,
676,138,6272,,6272,6271,,6272,6272,,6271,,,
677,139,6274,,,6273,,6273,6273,,6274,6273,,
678,140,6276,,6275,6276,,6275,,,6276,6275,,
679,141,6278,,6277,6277,,6277,,,6278,6278,,
680,142,6280,,6279,6279,,6280,6279,,6279,,,
681,143,6282,,6281,6281,,6281,6282,,6281,,,
682,144,6284,,6283,6283,,6284,6283,,,6283,,
683,145,6286,,6285,6285,,6285,,,6286,6285,,
684,146,6288,,6287,6287,,6287,6288,,6287,,,
685,147,6290,,,6290,,6289,6290,,6289,6289,,
686,148,6292,,6291,6292,,6292,6292,,6291,,,
687,149,6294,,6294,6294,,6293,6293,,6294,,,
688,150,6296,,6296,6295,,,6296,,6295,6295,,
689,151,6298,,6298,,,6298,6297,,6297,6298,,
690,152,6300,,6299,,,6300,6299,,6299,6299,,
691,153,6302,,6301,,,6302,6302,,6302,6301,,
692,154,6304,,6304,6303,,,6303,,6304,6303,,
693,155,6306,,6305,6305,,6305,6306,,6306,,,
694,156,6308,,6307,,,6307,6307,,6308,6308,,
695,157,6310,,6309,6309,,6309,6309,,,6310,,
696,158,6312,,6312,6311,,6311,,,6311,6311,,
697,159,6314,,6313,6313,,,6314,,6313,6313,,
698,160,6316,,6316,6315,,6315,6315,,,6315,,
699,161,6318,,6317,6318,,6318,6317,,,6317,,
700,162,6320,,6319,6319,,,6319,,6320,6319,,
701,163,6322,,6321,,,6321,6322,,6321,6321,,
702,164,6324,,6324,6324,,6323,,,6324,6323,,
703,165,6326,,,6326,,6325,6326,,6325,6325,,
704,166,6328,,6327,6327,,6328,,,6328,6328,,
705,167,6330,,6330,6330,,6329,,,6329,6330,,
706,168,6332,,6332,6331,,6331,,,6331,6331,,
707,169,6334,,,6333,,6333,6334,,6333,6334,,
708,170,6336,,6336,6336,,6335,,,6336,6335,,
709,171,6338,,6337,6338,,6337,,,6337,6338,,
710,172,6340,,6339,,,6339,6340,,6339,6339,,
711,173,6342,,,6341,,6341,6341,,6342,6341,,
712,174,6344,,6343,,,6344,6343,,6343,6343,,
713,175,6346,,6345,6345,,6346,6345,,6345,,,
714,176,6348,,6348,6347,,6348,6347,,6347,,,
715,177,6350,,6349,6350,,,6350,,6350,6349,,
716,178,6352,,6352,6352,,6351,,,6352,6351,,
717,179,6354,,6354,,,6354,6353,,6353,6353,,
718,180,6356,,6355,6356,,,6356,,6356,6355,,
719,181,6358,,6357,6357,,6357,,,6357,6358,,
720,182,6360,,,6360,,6360,6359,,6359,6359,,
721,183,6362,,,6362,,6361,6362,,6362,6361,,
722,184,6364,,6363,6363,,6364,6363,,6363,,,
723,185,6366,,6365,6366,,6365,6366,,,6365,,
724,186,6368,,6367,6368,,6367,6368,,6368,,,
725,187,6370,,,6369,,6370,6369,,6369,6369,,
726,188,6372,,6371,6371,,6372,6371,,6371,,,
727,189,6374,,6373,6373,,6373,,,6374,6373,,
728,190,6376,,6375,,,6376,6375,,6375,6376,,
729,191,6378,,6378,6378,,6377,,,6377,6377,,
730,192,6380,,6379,6380,,6379,6380,,,6380,,
731,193,6382,,6381,6381,,6382,,,6381,6381,,
732,194,6384,,6383,,,6384,6383,,6383,6383,,
733,195,6386,,6386,6385,,6386,,,6385,6385,,
734,196,6388,,6388,6387,,,6388,,6387,6387,,
735,197,6390,,6389,6390,,6389,6389,,6389,,,
736,198,6392,,6391,6392,,6391,6392,,6391,,,
737,199,6394,,6393,6393,,6393,6394,,,6393,,
738,200,6396,,6395,6395,,,6395,,6396,6395,,
739,201,6398,,6397,6398,,6397,6398,,6398,,,
740,202,6400,,6399,6400,,,6399,,6400,6399,,
741,203,6402,,6402,6402,,6401,6402,,6401,,,
742,204,6404,,6403,,,6404,6404,,6404,6403,,
743,205,6406,,6405,6405,,6405,6406,,6406,,,
744,206,6408,,6407,,,6408,6407,,6408,6408,,
745,207,6410,,6409,6409,,6409,,,6410,6409,,
746,208,6412,,6412,6411,,,6411,,6411,6411,,
747,209,6414,,,6413,,6414,6413,,6414,6414,,
748,210,6416,,6416,6416,,6416,6415,,,6415,,
749,211,6418,,6418,6417,,6417,6418,,,6417,,
750,212,6420,,6420,6419,,,6420,,6419,6419,,
751,213,6422,,6422,6421,,6421,,,6421,6421,,
752,214,6424,,6423,6423,,6424,,,6423,6423,,
753,215,6426,,6425,6426,,6425,6425,,6425,,,
754,216,6428,,,6427,,6427,6427,,6428,6428,,
755,217,6430,,6430,6429,,6430,6429,,,6430,,
756,218,6432,,6431,6432,,6431,6431,,,6431,,
757,219,6434,,6433,,,6434,6433,,6433,6433,,
758,220,6436,,6436,,,6436,6435,,6435,6436,,
759,221,6438,,,6437,,6438,6437,,6438,6437,,
760,222,6440,,6440,6439,,6440,,,6439,6440,,
761,223,6442,,6441,6441,,,6442,,6441,6441,,
762,224,6444,,6444,6443,,6443,,,6443,6444,,
763,225,6446,,6445,,,6446,6446,,6445,6445,,
764,226,6448,,,6448,,6447,6448,,6447,6447,,
765,227,6450,,6450,6449,,6449,6450,,6449,,,
766,228,6452,,6451,6451,,6452,,,6452,6452,,
767,229,6454,,6453,6453,,6454,6453,,,6453,,
768,230,6456,,6455,6455,,6455,6455,,6456,,,
769,231,6458,,6458,6457,,6457,,,6457,6458,,
770,232,6460,,6459,6460,,,6459,,6459,6459,,
771,233,6462,,6461,6462,,6462,6462,,6461,,,
772,234,6464,,6464,6463,,,6463,,6464,6464,,
773,235,6466,,6465,6465,,6466,6465,,6466,,,
774,236,6468,,6467,6467,,,6468,,6468,6468,,
775,237,6470,,6469,6470,,6469,,,6470,6469,,
776,238,6472,,6472,6471,,6472,,,6471,6471,,
777,239,6474,,6473,6473,,6474,6473,,6474,,,
778,240,6476,,6475,6475,,,6476,,6476,6476,,
779,241,6478,,6477,6477,,6477,6477,,6478,,,
780,242,6480,,6480,6480,,,6479,,6479,6480,,
781,243,6482,,6481,,,6481,6481,,6482,6481,,
782,244,6484,,6483,6484,,6484,,,6484,6483,,
783,245,6486,,,6486,,6485,6485,,6485,6485,,
784,246,6488,,6488,6488,,6487,,,6487,6488,,
785,247,6490,,,6489,,6489,6489,,6490,6489,,
786,248,6492,,6492,6491,,6491,,,6492,6491,,
787,249,6494,,6493,6493,,,6494,,6493,6493,,
788,250,6496,,6496,,,6496,6495,,6495,6495,,
789,251,6498,,,6497,,6497,6498,,6497,6497,,
790,252,6500,,6499,6499,,6500,6499,,6499,,,
791,253,6502,,,6501,,6501,6501,,6501,6502,,
792,254,6504,,6503,,,6503,6504,,6503,6504,,
793,255,6506,,6506,6505,,6505,6506,,6505,,,
794,256,6508,,6508,6507,,6508,,,6507,6507,,
795,257,6510,,6510,6509,,6509,6510,,6510,,,
796,258,6512,,,6511,,6511,6511,,6512,6511,,
797,259,6514,,6513,6513,,6513,6514,,,6514,,
798,260,6516,,6515,6516,,6515,,,6516,6516,,
799,261,6518,,6518,,,6517,6517,,6518,6518,,
800,262,6520,,6520,6519,,6519,6520,,6520,,,
801,263,6522,,6522,6521,,6522,6521,,6522,,,
802,264,6524,,6523,,,6523,6524,,6523,6523,,
803,265,6526,,6526,6525,,6525,,,6525,6525,,
804,266,6528,,6528,6527,,6527,6527,,,6527,,
805,267,6530,,,6529,,6529,6529,,6530,6529,,
806,268,6532,,6531,6532,,6531,,,6531,6531,,
807,269,6534,,6534,6533,,,6533,,6534,6534,,
808,270,6536,,,6536,,6535,6536,,6535,6536,,
809,271,6538,,6537,6538,,,6538,,6537,6537,,
810,272,6540,,,6540,,6539,6539,,6539,6539,,
811,273,6542,,,6541,,6542,6541,,6541,6541,,
812,274,6544,,6543,,,6543,6543,,6543,6544,,
813,275,6546,,6545,6546,,6545,,,6545,6546,,
814,276,6548,,6547,6547,,,6547,,6548,6547,,
815,277,6550,,6549,6549,,6550,6549,,,6550,,
816,278,6552,,6552,,,6551,6551,,6551,6551,,
817,279,6554,,6553,6553,,6553,,,6554,6553,,
818,280,6556,,6555,6555,,6556,,,6555,6555,,
819,281,6558,,6558,6557,,,6558,,6557,6557,,
820,282,6560,,6559,,,6559,6559,,6560,6559,,
821,283,6562,,6561,6561,,6562,6561,,,6561,,
822,284,6564,,,6564,,6564,6563,,6564,6563,,
823,285,6566,,,6565,,6565,6566,,6565,6565,,
824,286,6568,,,6567,,6568,6568,,6568,6567,,
825,287,6570,,6569,,,6570,6569,,6570,6570,,
826,288,6572,,6571,6571,,6571,6572,,,6571,,
827,289,6574,,6574,6573,,6574,6574,,6573,,,
828,290,6576,,6576,6575,,,6575,,6575,6575,,
829,291,6578,,6577,,,6577,6578,,6578,6578,,
830,292,6580,,6580,6580,,6580,6579,,,6579,,
831,293,6582,,6582,6581,,6581,6582,,6582,,,
832,294,6584,,6583,,,6584,6583,,6583,6584,,
833,295,6586,,6586,6585,,6585,6586,,,6585,,
834,296,6588,,6587,6588,,6588,6587,,,6588,,
835,297,6590,,6590,6589,,,6589,,6589,6590,,
836,298,6592,,6591,6591,,6591,6592,,6592,,,
837,299,6594,,6593,6594,,,6594,,6593,6594,,
838,300,6596,,,6595,,6595,6596,,6595,6595,,
839,301,6598,,6598,,,6597,6598,,6598,6597,,
840,302,6600,,6599,6599,,6600,,,6600,6600,,
841,303,6602,,6601,6602,,,6602,,6601,6602,,
842,304,6604,,6603,6603,,6603,6604,,,6604,,
843,305,6606,,6606,,,6605,6606,,6605,6605,,
844,306,6608,,,6608,,6607,6607,,6607,6607,,
845,307,6610,,6609,6609,,6610,6609,,,6610,,
846,308,6612,,6611,,,6612,6612,,6612,6611,,
847,309,6614,,6613,6613,,6613,6613,,,6614,,
848,310,6616,,6615,6615,,,6616,,6615,6615,,
849,311,6618,,6618,6617,,6617,6617,,,6617,,
850,312,6620,,6620,6620,,6619,6619,,6620,,,
851,313,6622,,6621,,,6622,6621,,6621,6621,,
852,314,6624,,6623,6624,,6624,6623,,,6623,,
853,315,6626,,,6626,,6625,6625,,6625,6625,,
854,316,6628,,6627,,,6628,6627,,6627,6628,,
855,317,6630,,,6629,,6630,6630,,6629,6629,,
856,318,6632,,6631,6632,,6632,,,6631,6632,,
857,319,6634,,6634,,,6634,6633,,6633,6633,,
858,320,6636,,6636,6635,,,6636,,6635,6636,,
859,321,6638,,,6638,,6637,6638,,6637,6637,,
860,322,6640,,6639,,,6640,6640,,6639,6639,,
861,323,6642,,6641,,,6641,6641,,6642,6641,,
862,324,6644,,6643,6643,,6644,6644,,6644,,,
863,325,6646,,6645,6646,,6646,,,6646,6645,,
864,326,6648,,6648,6648,,6647,6648,,6647,,,
865,327,6650,,,6650,,6649,6650,,6650,6649,,
866,328,6652,,6651,6652,,6652,6651,,,6652,,
867,329,6654,,,6654,,6654,6653,,6653,6654,,
868,330,6656,,6655,6656,,6656,6655,,,6656,,
869,331,6658,,6657,6658,,6657,,,6658,6657,,
870,332,6660,,6659,,,6660,6659,,6660,6659,,
871,333,6662,,,6661,,6662,6661,,6662,6661,,
872,334,6664,,6664,6664,,6663,6664,,,6663,,
873,335,6666,,6665,,,6666,6665,,6665,6666,,
874,336,6668,,6668,,,6667,6667,,6667,6667,,
875,337,6670,,6669,6669,,6669,6670,,,6669,,
876,338,6672,,6671,6671,,6672,6671,,,6671,,
877,339,6674,,6674,6673,,,6673,,6673,6673,,
878,340,6676,,6675,6675,,6676,6675,,6676,,,
879,341,6678,,6678,6677,,6677,6678,,,6678,,
880,342,6680,,6679,,,6679,6680,,6679,6679,,
881,343,6682,,6681,6681,,6682,,,6681,6681,,
882,344,6684,,6684,6684,,6683,6683,,6684,,,
883,345,6686,,6686,6686,,6685,6685,,,6686,,
884,346,6688,,6687,6687,,,6688,,6687,6687,,
885,347,6690,,6690,6690,,6689,6690,,,6689,,
886,348,6692,,6692,6692,,6691,,,6691,6691,,
887,349,6694,,6694,6694,,6693,,,6693,6694,,
888,350,6696,,6696,6695,,6695,6695,,,6695,,
889,351,6698,,6697,6697,,6697,6698,,,6698,,
890,352,6700,,,6699,,6699,6700,,6699,6699,,
891,353,6702,,6701,,,6701,6701,,6702,6702,,
892,354,6704,,,6703,,6704,6704,,6703,6704,,
893,355,6706,,6706,6706,,,6705,,6706,6705,,
894,356,6708,,6708,6707,,6708,6708,,,6707,,
895,357,6710,,6710,6710,,,6709,,6709,6710,,
896,358,6712,,6711,6712,,6711,6711,,,6712,,
897,359,6714,,6714,6713,,6714,6713,,,6713,,
898,360,6716,,6716,6716,,6716,,,6715,6715,,
899,361,6718,,6717,6717,,6717,6717,,,6718,,
900,362,6720,,,6719,,6719,6719,,6719,6720,,
901,363,6722,,6722,6721,,6722,,,6721,6721,,
902,364,6724,,6723,,,6723,6723,,6724,6723,,
903,365,6726,,,6725,,6726,6725,,6725,6725,,
904,366,6728,,6727,6728,,,6727,,6727,6727,,
905,367,6730,,6729,6730,,6730,6730,,,6729,,
906,368,6732,,6731,6731,,6731,,,6731,6732,,
907,369,6734,,6733,,,6733,6733,,6734,6733,,
908,370,6736,,,6736,,6735,6735,,6735,6735,,
909,371,6738,,6738,,,6737,6737,,6737,6737,,
910,372,6740,,6740,6740,,6739,6740,,6739,,,
911,373,6742,,6741,6742,,6742,,,6741,6742,,
912,374,6744,,6743,6743,,6743,6743,,,6744,,
913,375,6746,,6745,,,6746,6746,,6745,6746,,
914,376,6748,,6747,,,6748,6748,,6747,6747,,
915,377,6750,,6750,6750,,6749,6749,,,6749,,
916,378,6752,,6752,6751,,6752,,,6751,6752,,
917,379,6754,,,6753,,6753,6753,,6754,6754,,
918,380,6756,,6755,6756,,6756,6755,,6755,,,
919,381,6758,,6758,6757,,6758,6757,,,6758,,
920,382,6760,,,6759,,6760,6760,,6760,6759,,
921,383,6762,,6761,6761,,,6762,,6762,6761,,
922,384,6764,,6763,6764,,6764,6764,,,6763,,
923,385,6766,,6766,6765,,,6765,,6766,6765,,
924,1,6001,,,,,11002,11001,,6001,,,
925,2,6003,,11007,6002,,,,,6003,,,
926,3,6004,,,6003,,11012,,,,6004,,
927,4,6005,,,6005,,6004,,,,11017,,
928,5,6006,,6006,,,6005,,,11022,,,
929,6,6008,,,6007,,6008,,,,11027,,
930,7,6010,,,6010,,6009,,,11032,,,
931,8,6012,,,,,6011,6012,,,11037,,
932,9,6014,,,6013,,6013,6014,,,,,
933,10,6016,,,,,6015,,,6016,6015,,
934,11,6018,,,,,6017,6017,,6018,,,
935,12,6020,,6019,6019,,,,,,6020,,
936,13,6022,,,,,6022,,,6021,6021,,
937,14,6024,,6024,,,,6023,,,6023,,
938,15,6026,,6025,,,6026,,,6025,,,
939,16,6028,,,6028,,6027,6027,,,,,
940,17,6030,,,6029,,,6029,,,6030,,
941,18,6032,,,6031,,,6032,,,6031,,
942,19,6034,,,,,6033,6034,,,6033,,
943,20,6036,,,,,6035,,,6036,6035,,
944,21,6038,,,6038,,6037,,,,6037,,
945,22,6040,,6040,,,6039,6039,,,,,
946,23,6042,,6041,,,6041,6042,,,,,
947,24,6044,,,,,6044,6043,,6043,,,
948,25,6046,,,6046,,,6045,,6046,6045,,
949,26,6048,,,6047,,6047,6048,,,6048,,
950,27,6050,,6049,6050,,,,,6050,6049,,
951,28,6052,,6051,6052,,,,,6051,6052,,
952,29,6054,,6054,6053,,,,,6053,6054,,
953,30,6056,,,6056,,,6056,,6055,6055,,
954,31,6058,,,6057,,6058,6058,,6057,,,
955,32,6060,,,6060,,6059,6059,,,6060,,
956,33,6062,,6061,,,6061,6062,,6062,,,
957,34,6064,,6063,6063,,,6064,,,6064,,
958,35,6066,,6065,6065,,6066,,,,6066,,
959,36,6068,,6068,,,6068,6067,,,6067,,
960,37,6070,,6069,6070,,,,,6070,6069,,
961,38,6072,,6072,,,6071,,,6071,6072,,
962,39,6074,,6074,,,6073,6073,,6074,,,
963,40,6076,,,6075,,6075,,,6076,6076,,
964,41,6078,,,6077,,6078,,,6078,6077,,
965,42,6080,,6080,,,6080,6079,,,6079,,
966,43,6082,,,6081,,6082,6081,,6082,6081,,
967,44,6084,,6083,6084,,6083,6084,,,6083,,
968,45,6086,,6085,,,6086,6086,,6085,6085,,
969,46,6088,,,6087,,6087,6088,,6087,6088,,
970,47,6090,,6089,6089,,6090,6089,,6090,,,
971,48,6092,,6091,,,6091,6092,,6092,6091,,
972,49,6094,,6093,,,6094,6094,,6093,6093,,
973,50,6096,,6095,6096,,,6095,,6095,6096,,
974,51,6098,,6097,,,6098,6097,,6098,6097,,
975,52,6100,,6099,,,6100,6099,,6100,6099,,
976,53,6102,,6102,6101,,,6102,,6101,6101,,
977,54,6104,,,6104,,6103,6103,,6104,6103,,
978,55,6106,,6106,,,6105,6106,,6105,6105,,
979,56,6108,,,6108,,6108,6107,,6107,6107,,
980,57,6110,,,6110,,6109,6109,,6109,6110,,
981,58,6112,,6111,,,6112,6111,,6112,6111,,
982,59,6114,,6114,,,6113,6114,,6113,6113,,
983,60,6116,,6115,,,6115,6116,,6115,6116,,
984,61,6118,,6118,6118,,6117,6117,,,6117,,
985,62,6120,,6119,6119,,6119,6120,,,6120,,
986,63,6122,,,6121,,6121,6122,,6122,6121,,
987,64,6124,,6123,,,6124,6124,,6123,6123,,
988,65,6126,,6125,6126,,6125,6126,,,6125,,
989,66,6128,,,6127,,6127,6128,,6127,6128,,
990,67,6130,,6129,,,6129,6130,,6129,6130,,
991,68,6132,,6131,,,6131,6132,,6132,6131,,
992,69,6134,,6134,,,6133,6133,,6133,6134,,
993,70,6136,,6135,6135,,,6136,,6136,6135,,
994,71,6138,,,6137,,6138,6138,,6137,6137,,
995,72,6140,,6140,6139,,6139,,,6139,6140,,
996,73,6142,,6141,6142,,6141,6141,,6142,,,
997,74,6144,,6143,6143,,,6144,,6144,6143,,
998,75,6146,,6145,,,6146,6146,,6145,6145,,
999,76,6148,,6147,6148,,,6148,,6147,6147,,
1000,77,6150,,6149,,,6150,6149,,6149,6150,,
1001,78,6152,,6151,6152,,6151,6152,,,6151,,
1002,79,6154,,6154,6153,,6153,6154,,6153,,,
1003,80,6156,,6156,6156,,6155,6155,,6155,,,
1004,81,6158,,6158,6157,,6157,6157,,,6158,,
1005,82,6160,,6159,6159,,6160,6160,,,6159,,
1006,83,6162,,6161,6161,,,6162,,6161,6162,,
1007,84,6164,,6163,6163,,,6164,,6164,6163,,
1008,85,6166,,6166,,,6166,6165,,6165,6165,,
1009,86,6168,,6168,6168,,6167,,,6167,6167,,
1010,87,6170,,6169,6170,,,6169,,6170,6169,,
1011,88,6172,,,6171,,6171,6172,,6172,6171,,
1012,89,6174,,6174,,,6173,6173,,6173,6174,,
1013,90,6176,,6176,6176,,6175,6175,,6175,,,
1014,91,6178,,6177,6177,,6178,6177,,,6178,,
1015,92,6180,,6180,,,6180,6179,,6179,6179,,
1016,93,6182,,6182,6181,,6181,,,6181,6182,,
1017,94,6184,,6183,6183,,6184,,,6183,6184,,
1018,95,6186,,6186,,,6185,6185,,6185,6186,,
1019,96,6188,,,6188,,6188,6187,,6187,6187,,
1020,97,6190,,6190,6189,,6190,6189,,,6189,,
1021,98,6192,,6191,6191,,6192,6191,,,6192,,
1022,99,6194,,6194,6193,,6193,6194,,6193,,,
1023,100,6196,,,6196,,6195,6195,,6196,6195,,
1024,101,6198,,6197,6197,,6197,,,6198,6198,,
1025,102,6200,,6199,6199,,6200,6199,,,6200,,
1026,103,6202,,6201,6202,,,6201,,6201,6202,,
1027,104,6204,,6204,,,6203,6203,,6203,6204,,
1028,105,6206,,6206,6206,,6205,6205,,6205,,,
1029,106,6208,,6208,6208,,,6207,,6207,6207,,
1030,107,6210,,6209,,,6209,6210,,6209,6210,,
1031,108,6212,,6212,6211,,6211,,,6211,6212,,
1032,109,6214,,6213,6214,,,6213,,6214,6213,,
1033,110,6216,,6215,,,6215,6216,,6215,6216,,
1034,111,6218,,6218,6217,,6218,6217,,,6217,,
1035,112,6220,,6219,,,6220,6220,,6219,6219,,
1036,113,6222,,6222,6222,,6221,,,6221,6221,,
1037,114,6224,,,6224,,6223,6223,,6224,6223,,
1038,115,6226,,6226,6225,,6226,6225,,,6225,,
1039,116,6228,,6228,,,6227,6228,,6227,6227,,
1040,117,6230,,6230,,,6229,6229,,6229,6230,,
1041,118,6232,,6231,6232,,6232,,,6231,6231,,
1042,119,6234,,6234,6233,,,6233,,6234,6233,,
1043,120,6236,,,6235,,6235,6235,,6236,6236,,
1044,121,6238,,6237,,,6238,6237,,6237,6238,,
1045,122,6240,,6240,6239,,,6240,,6239,6239,,
1046,123,6242,,6241,6242,,,6241,,6242,6241,,
1047,124,6244,,6244,6244,,6243,6243,,,6243,,
1048,125,6246,,6246,6246,,6245,,,6245,6245,,
1049,126,6248,,6247,6247,,,6248,,6248,6247,,
1050,127,6250,,6250,,,6249,6249,,6249,6250,,
1051,128,6252,,6251,6251,,6252,6251,,6252,,,
1052,129,6254,,,6254,,6253,6254,,6253,6253,,
1053,130,6256,,6255,6256,,6256,6255,,6255,,,
1054,131,6258,,6257,6257,,6257,6258,,,6258,,
1055,132,6260,,6259,6259,,,6260,,6259,6260,,
1056,133,6262,,6262,,,6261,6261,,6261,6262,,
1057,134,6264,,6264,6263,,,6263,,6264,6263,,
1058,135,6266,,6265,,,6265,6266,,6266,6265,,
1059,136,6268,,,6267,,6267,6267,,6268,6268,,
1060,137,6270,,6270,6269,,6270,,,6269,6269,,
1061,138,6272,,,6271,,6272,6271,,6271,6272,,
1062,139,6274,,6273,6274,,6273,6274,,6273,,,
1063,140,6276,,6275,6276,,6275,6276,,6275,,,
1064,141,6278,,6278,6277,,6278,,,6277,6277,,
1065,142,6280,,6280,6279,,6280,6279,,,6279,,
1066,143,6282,,6281,6282,,,6281,,6282,6281,,
1067,144,6284,,,6283,,6283,6284,,6284,6283,,
1068,145,6286,,,6285,,6285,6286,,6286,6285,,
1069,146,6288,,6287,6288,,,6287,,6287,6288,,
1070,147,6290,,6290,6289,,,6289,,6289,6290,,
1071,148,6292,,6291,6291,,6291,6292,,6292,,,
1072,149,6294,,6293,6294,,6293,6293,,6294,,,
1073,150,6296,,6295,6295,,6296,6295,,,6296,,
1074,151,6298,,,6298,,6297,6297,,6298,6297,,
1075,152,6300,,6300,,,6300,6299,,6299,6299,,
1076,153,6302,,,6302,,6302,6301,,6301,6301,,
1077,154,6304,,6303,6304,,6303,,,6303,6304,,
1078,155,6306,,6306,6305,,6305,6306,,6305,,,
1079,156,6308,,6308,6307,,,6307,,6307,6308,,
1080,157,6310,,6309,6310,,6309,6310,,,6309,,
1081,158,6312,,6311,6312,,6311,,,6311,6312,,
1082,159,6314,,,6314,,6313,6313,,6314,6313,,
1083,160,6316,,6315,6315,,6316,6316,,,6315,,
1084,161,6318,,6317,,,6317,6317,,6318,6318,,
1085,162,6320,,6320,6319,,,6320,,6319,6319,,
1086,163,6322,,6321,6322,,6322,6321,,6321,,,
1087,164,6324,,6323,6323,,6324,,,6323,6324,,
1088,165,6326,,6325,6325,,6326,6326,,,6325,,
1089,166,6328,,,6328,,6327,6327,,6328,6327,,
1090,167,6330,,6330,6329,,6329,6329,,,6330,,
1091,168,6332,,6332,6332,,6331,,,6331,6331,,
1092,169,6334,,,6333,,6333,6334,,6334,6333,,
1093,170,6336,,6335,,,6336,6335,,6335,6336,,
1094,171,6338,,,6337,,6338,6337,,6338,6337,,
1095,172,6340,,6340,6339,,6339,6340,,6339,,,
1096,173,6342,,6341,6342,,6341,6342,,6341,,,
1097,174,6344,,6343,6344,,6344,6343,,,6343,,
1098,175,6346,,6345,,,6345,6346,,6346,6345,,
1099,176,6348,,6348,6348,,6347,6347,,6347,,,
1100,177,6350,,,6349,,6349,6349,,6350,6350,,
1101,178,6352,,6351,,,6352,6351,,6352,6351,,
1102,179,6354,,6354,6353,,6353,6353,,,6354,,
1103,180,6356,,,6356,,6355,6355,,6355,6356,,
1104,181,6358,,6357,6357,,,6358,,6358,6357,,
1105,182,6360,,6360,6360,,6359,,,6359,6359,,
1106,183,6362,,6361,6362,,6361,6362,,6361,,,
1107,184,6364,,6364,,,6363,6363,,6364,6363,,
1108,185,6366,,6366,6365,,6366,,,6365,6365,,
1109,186,6368,,6367,,,6368,6368,,6367,6367,,
1110,187,6370,,,6369,,6369,6369,,6370,6370,,
1111,188,6372,,6372,6371,,6371,,,6372,6371,,
1112,189,6374,,,6374,,6373,6374,,6373,6373,,
1113,190,6376,,6375,6376,,6375,6375,,6376,,,
1114,191,6378,,6378,6378,,,6377,,6377,6377,,
1115,192,6380,,6379,6379,,6379,,,6380,6380,,
1116,193,6382,,,6382,,6381,6381,,6381,6382,,
1117,194,6384,,6383,6383,,6383,,,6384,6384,,
1118,195,6386,,6385,6385,,,6386,,6386,6385,,
1119,196,6388,,6387,6387,,6388,6387,,,6388,,
1120,197,6390,,6389,6390,,6389,6390,,6389,,,
1121,198,6392,,6392,6391,,,6391,,6392,6391,,
1122,199,6394,,6393,6394,,6393,6393,,,6394,,
1123,200,6396,,6395,6395,,,6396,,6395,6396,,
1124,201,6398,,6397,6397,,6398,6397,,6398,,,
1125,202,6400,,6400,6399,,6399,,,6400,6399,,
1126,203,6402,,6401,6402,,,6402,,6401,6401,,
1127,204,6404,,6403,,,6403,6404,,6403,6404,,
1128,205,6406,,6405,6405,,,6406,,6406,6405,,
1129,206,6408,,6407,6407,,6408,,,6407,6408,,
1130,207,6410,,6410,6409,,6409,6410,,6409,,,
1131,208,6412,,6411,6412,,6411,,,6412,6411,,
1132,209,6414,,6414,6413,,6413,,,6413,6414,,
1133,210,6416,,6416,6415,,,6415,,6415,6416,,
1134,211,6418,,6417,6417,,6418,6417,,,6418,,
1135,212,6420,,6419,,,6420,6419,,6420,6419,,
1136,213,6422,,6421,6422,,6421,6422,,6421,,,
1137,214,6424,,6423,6424,,6424,6423,,6423,,,
1138,215,6426,,6425,6425,,,6426,,6426,6425,,
1139,216,6428,,,6428,,6427,6427,,6427,6428,,
1140,217,6430,,6429,6429,,6430,6430,,,6429,,
1141,218,6432,,6432,6431,,6431,6431,,6432,,,
1142,219,6434,,,6433,,6433,6434,,6434,6433,,
1143,220,6436,,,6435,,6435,6436,,6436,6435,,
1144,221,6438,,,6437,,6437,6438,,6437,6438,,
1145,222,6440,,6439,6439,,6439,6440,,,6440,,
1146,223,6442,,6441,6441,,6441,6442,,,6442,,
1147,224,6444,,6443,6443,,,6443,,6444,6444,,
1148,225,6446,,6446,,,6445,6446,,6445,6445,,
1149,226,6448,,6448,6447,,6447,,,6448,6447,,
1150,227,6450,,6450,6449,,6449,6449,,6450,,,
1151,228,6452,,6451,6451,,,6452,,6451,6452,,
1152,229,6454,,6454,6454,,6453,6453,,6453,,,
1153,230,6456,,6456,6456,,6455,6455,,6455,,,
1154,231,6458,,6457,6457,,6458,,,6458,6457,,
1155,232,6460,,6460,6459,,,6459,,6459,6460,,
1156,233,6462,,6462,6462,,,6461,,6461,6461,,
1157,234,6464,,6463,,,6464,6464,,6463,6463,,
1158,235,6466,,6466,6465,,6466,6465,,6465,,,
1159,236,6468,,6468,6467,,6467,,,6468,6467,,
1160,237,6470,,6470,6470,,6469,6469,,6469,,,
1161,238,6472,,6471,6471,,6472,6472,,6471,,,
1162,239,6474,,6473,6474,,6473,,,6473,6474,,
1163,240,6476,,6476,,,6475,6476,,6475,6475,,
1164,241,6478,,6478,,,6477,6477,,6478,6477,,
1165,242,6480,,6479,6479,,6480,,,6479,6480,,
1166,243,6482,,6482,6481,,6482,,,6481,6481,,
1167,244,6484,,6484,6483,,6483,6483,,,6484,,
1168,245,6486,,6486,6485,,,6485,,6485,6486,,
1169,246,6488,,6488,6488,,6487,,,6487,6487,,
1170,247,6490,,6490,,,6489,6489,,6489,6490,,
1171,248,6492,,6491,,,6492,6491,,6492,6491,,
1172,249,6494,,6494,6494,,,6493,,6493,6493,,
1173,250,6496,,6496,6495,,,6495,,6496,6495,,
1174,251,6498,,6497,6498,,,6498,,6497,6497,,
1175,252,6500,,6499,6500,,6499,6499,,,6500,,
1176,253,6502,,6502,,,6501,6501,,6502,6501,,
1177,254,6504,,6504,6503,,6503,6503,,6504,,,
1178,255,6506,,6505,6506,,6506,6505,,,6505,,
1179,256,6508,,6507,,,6507,6508,,6507,6508,,
1180,257,6510,,6509,6510,,,6509,,6510,6509,,
1181,258,6512,,6512,6511,,6512,,,6511,6511,,
1182,259,6514,,6514,6514,,,6513,,6513,6513,,
1183,260,6516,,6516,6515,,6516,6515,,,6515,,
1184,261,6518,,6517,6518,,6517,6517,,6518,,,
1185,262,6520,,6519,6520,,6519,,,6520,6519,,
1186,263,6522,,,6522,,6521,6521,,6521,6522,,
1187,264,6524,,6524,,,6523,6523,,6523,6524,,
1188,265,6526,,6525,6525,,,6526,,6526,6525,,
1189,266,6528,,6527,6527,,6528,6527,,6528,,,
1190,267,6530,,6529,,,6530,6530,,6529,6529,,
1191,268,6532,,,6531,,6531,6532,,6532,6531,,
1192,269,6534,,6533,6534,,6534,6533,,6533,,,
1193,270,6536,,6536,6535,,,6535,,6536,6535,,
1194,271,6538,,6538,6537,,6538,6537,,,6537,,
1195,272,6540,,6540,6539,,6539,6539,,,6540,,
1196,273,6542,,6541,6542,,6541,6542,,6541,,,
1197,274,6544,,6544,,,6543,6543,,6544,6543,,
1198,275,6546,,6546,6545,,6545,6545,,6546,,,
1199,276,6548,,,6547,,6548,6548,,6547,6547,,
1200,277,6550,,6550,6550,,,6549,,6549,6549,,
1201,278,6552,,6552,6552,,,6551,,6551,6551,,
1202,279,6554,,6554,6554,,6553,6553,,6553,,,
1203,280,6556,,6555,6556,,6555,6556,,6555,,,
1204,281,6558,,6557,6558,,,6557,,6557,6558,,
1205,282,6560,,6560,,,6559,6560,,6559,6559,,
1206,283,6562,,6561,6562,,6562,6561,,6561,,,
1207,284,6564,,6563,6564,,6563,6564,,6563,,,
1208,285,6566,,,6565,,6566,6566,,6565,6565,,
1209,286,6568,,6568,,,6567,6567,,6567,6568,,
1210,287,6570,,6569,6569,,6570,6570,,,6569,,
1211,288,6572,,6571,6572,,6571,6571,,,6572,,
1212,289,6574,,6573,6574,,6573,6573,,6574,,,
1213,290,6576,,6575,,,6575,6575,,6576,6576,,
1214,291,6578,,6578,6577,,6578,6577,,,6577,,
1215,292,6580,,6579,,,6580,6579,,6579,6580,,
1216,293,6582,,6581,,,6581,6582,,6582,6581,,
1217,294,6584,,6583,6584,,6584,,,6583,6583,,
1218,295,6586,,6585,6585,,6586,,,6585,6586,,
1219,296,6588,,,6587,,6587,6587,,6588,6588,,
1220,297,6590,,6589,6589,,,6589,,6590,6590,,
1221,298,6592,,,6591,,6592,6592,,6591,6591,,
1222,299,6594,,,6593,,6593,6594,,6593,6594,,
1223,300,6596,,6595,6596,,,6595,,6596,6595,,
1224,301,6598,,6597,,,6597,6597,,6598,6598,,
1225,302,6600,,6599,6600,,6600,6599,,6599,,,
1226,303,6602,,,6601,,6601,6602,,6602,6601,,
1227,304,6604,,6604,6603,,6603,,,6603,6604,,
1228,305,6606,,6606,6605,,,6605,,6605,6606,,
1229,306,6608,,6607,6607,,,6608,,6608,6607,,
1230,307,6610,,,6609,,6610,6610,,6609,6609,,
1231,308,6612,,6612,6611,,,6611,,6612,6611,,
1232,309,6614,,6614,6614,,6613,,,6613,6613,,
1233,310,6616,,,6616,,6616,6615,,6615,6615,,
1234,311,6618,,6618,6617,,6617,6618,,6617,,,
1235,312,6620,,6620,,,6620,6619,,6619,6619,,
1236,313,6622,,6622,6621,,6622,6621,,,6621,,
1237,314,6624,,6623,6623,,6623,6624,,6624,,,
1238,315,6626,,6625,6625,,6626,6626,,,6625,,
1239,316,6628,,6627,6628,,6627,,,6627,6628,,
1240,317,6630,,6629,,,6629,6629,,6630,6630,,
1241,318,6632,,6632,6631,,6631,6631,,6632,,,
1242,319,6634,,6634,,,6633,6634,,6633,6633,,
1243,320,6636,,6635,,,6635,6636,,6635,6636,,
1244,321,6638,,6638,6637,,6637,6637,,,6638,,
1245,322,6640,,6639,,,6640,6639,,6640,6639,,
1246,323,6642,,6641,,,6642,6641,,6641,6642,,
1247,324,6644,,,6644,,6643,6643,,6644,6643,,
1248,325,6646,,6645,6646,,6646,,,6645,6645,,
1249,326,6648,,6647,,,6647,6647,,6648,6648,,
1250,327,6650,,6650,6650,,6649,6649,,6649,,,
1251,328,6652,,6651,6651,,6652,6651,,,6652,,
1252,329,6654,,6654,6654,,6653,,,6653,6653,,
1253,330,6656,,,6655,,6655,6656,,6656,6655,,
1254,331,6658,,6658,6657,,,6657,,6658,6657,,
1255,332,6660,,,6659,,6660,6659,,6660,6659,,
1256,333,6662,,6662,6661,,6662,,,6661,6661,,
1257,334,6664,,6664,6663,,6664,6663,,6663,,,
1258,335,6666,,,6665,,6665,6666,,6665,6666,,
1259,336,6668,,6667,6668,,6667,6668,,6667,,,
1260,337,6670,,,6669,,6670,6669,,6669,6670,,
1261,338,6672,,6672,,,6671,6672,,6671,6671,,
1262,339,6674,,6673,,,6674,6673,,6674,6673,,
1263,340,6676,,6676,6675,,6675,6675,,6676,,,
1264,341,6678,,6677,6677,,6677,,,6678,6678,,
1265,342,6680,,6680,,,6680,6679,,6679,6679,,
1266,343,6682,,,6681,,6681,6682,,6682,6681,,
1267,344,6684,,,6683,,6684,6683,,6684,6683,,
1268,345,6686,,6686,6685,,6685,,,6685,6686,,
1269,346,6688,,6687,6688,,,6688,,6687,6687,,
1270,347,6690,,6689,6689,,6690,6689,,,6690,,
1271,348,6692,,6691,,,6692,6691,,6692,6691,,
1272,349,6694,,6693,,,6694,6693,,6694,6693,,
1273,350,6696,,6695,,,6695,6696,,6695,6696,,
1274,351,6698,,,6698,,6697,6697,,6698,6697,,
1275,352,6700,,6699,6699,,6700,6700,,6699,,,
1276,353,6702,,6701,6702,,,6701,,6702,6701,,
1277,354,6704,,,6704,,6703,6704,,6703,6703,,
1278,355,6706,,6705,6705,,,6705,,6706,6706,,
1279,356,6708,,6708,6708,,,6707,,6707,6707,,
1280,357,6710,,6710,6709,,6709,6710,,6709,,,
1281,358,6712,,6712,6711,,,6711,,6711,6712,,
1282,359,6714,,6713,6714,,6714,6713,,6713,,,
1283,360,6716,,6715,6715,,6716,6715,,,6716,,
1284,361,6718,,6718,,,6717,6717,,6717,6718,,
1285,362,6720,,6719,6719,,,6720,,6720,6719,,
1286,363,6722,,6721,6721,,6722,6721,,6722,,,
1287,364,6724,,6724,,,6723,6723,,6723,6724,,
1288,365,6726,,6725,,,6725,6726,,6726,6725,,
1289,366,6728,,,6727,,6728,6728,,6727,6727,,
1290,367,6730,,6729,6729,,,6729,,6730,6730,,
1291,368,6732,,6732,6731,,6731,,,6731,6732,,
1292,369,6734,,6734,6733,,6733,,,6734,6733,,
1293,370,6736,,,6735,,6735,6736,,6735,6736,,
1294,371,6738,,6737,6737,,6738,,,6737,6738,,
1295,372,6740,,6739,6739,,6740,,,6740,6739,,
1296,373,6742,,,6741,,6741,6742,,6742,6741,,
1297,374,6744,,6744,6743,,,6744,,6743,6743,,
1298,375,6746,,,6745,,6746,6745,,6745,6746,,
1299,376,6748,,6747,,,6747,6747,,6748,6748,,
1300,377,6750,,6750,6749,,6749,6750,,,6749,,
1301,378,6752,,6752,,,6751,6752,,6751,6751,,
1302,379,6754,,6754,6753,,6753,,,6754,6753,,
1303,380,6756,,6756,6755,,,6755,,6755,6756,,
1304,381,6758,,6758,6757,,,6757,,6758,6757,,
1305,382,6760,,6760,6760,,6759,6759,,,6759,,
1306,383,6762,,6761,6761,,6761,6762,,6762,,,
1307,384,6764,,6764,6763,,6764,,,6763,6763,,
1308,385,6766,,6766,6765,,6765,,,6766,6765,,
1309,386,8002,,8001,8001,,,8001,,8002,8002,,
1310,387,8004,,8003,8004,,8003,8003,,8004,,,
1311,388,8006,,8006,8005,,,8005,,8005,8006,,
1312,389,8008,,8007,8008,,8007,8007,,,8008,,
1313,390,8010,,8010,8009,,8009,,,8010,8009,,
1314,391,8012,,8012,8012,,8011,8011,,,8011,,
1315,392,8014,,8013,8014,,8014,,,8013,8013,,
1316,393,8016,,,8016,,8015,8015,,8016,8015,,
1317,394,8018,,8018,8017,,,8017,,8018,8017,,
1318,395,8020,,8019,8020,,8020,,,8019,8019,,
1319,396,8022,,8022,8021,,8021,8021,,8022,,,
1320,397,8024,,,8024,,8024,8023,,8023,8023,,
1321,398,8026,,8025,,,8025,8026,,8025,8026,,
1322,399,8028,,8028,8028,,8027,,,8027,8027,,
1323,400,8030,,8029,,,8030,8029,,8030,8029,,
1324,401,8032,,8031,8032,,8031,8031,,8032,,,
1325,402,8034,,,8034,,8034,8033,,8033,8033,,
1326,403,8036,,8036,8035,,8035,8035,,8036,,,
1327,404,8038,,8038,8037,,,8038,,8037,8037,,
1328,405,8040,,8039,8039,,8039,,,8040,8040,,
1329,406,8042,,8041,8041,,8042,8041,,8042,,,
1330,407,8044,,8043,,,8043,8044,,8044,8043,,
1331,408,8046,,8046,8046,,8045,8045,,8045,,,
1332,409,8048,,,8048,,8047,8047,,8048,8047,,
1333,410,8050,,,8050,,8050,8049,,8049,8049,,
1334,411,8052,,8052,,,8051,8052,,8051,8051,,
1335,412,8054,,8053,8054,,8053,8053,,,8054,,
1336,413,8056,,8056,8055,,8055,,,8055,8056,,
1337,414,8058,,8058,8057,,8057,,,8057,8058,,
1338,415,9030,,,8059,,8059,8059,,9030,8059,,
1339,416,9033,,8060,,,8060,8060,,8060,9033,,
1340,417,9036,,9036,8061,,8061,,,8061,8061,,
1341,418,9039,,8062,8062,,,8062,,9039,8062,,
1342,419,9042,,8063,8063,,8063,8063,,,9042,,
1343,420,9045,,8064,8064,,8064,,,9045,8064,,
1344,421,9048,,9048,,,8065,8065,,8065,8065,,
1345,422,9051,,8066,8066,,8066,8066,,9051,,,
1346,423,9054,,9054,8067,,,8067,,8067,8067,,
1347,424,9057,,8068,,,8068,8068,,9057,8068,,
1348,425,9060,,8069,8069,,,9060,,8069,8069,,
1349,426,9063,,8070,8070,,8070,8070,,,9063,,
1350,427,9066,,,8071,,9066,8071,,8071,8071,,
1351,428,9069,,8072,8072,,,8072,,9069,8072,,
1352,429,9072,,8073,,,8073,9072,,8073,8073,,
1353,430,9075,,8074,8074,,8074,,,9075,8074,,
1354,431,9078,,,9078,,8075,8075,,8075,8075,,
1355,432,9081,,,8076,,9081,8076,,8076,8076,,
1356,433,9084,,8077,8077,,9084,,,8077,8077,,
1357,434,9087,,8078,8078,,9087,8078,,8078,,,
1358,435,9090,,8079,8079,,8079,,,9090,8079,,
1359,436,9093,,,8080,,8080,8080,,8080,9093,,
1360,437,9096,,,8081,,8081,8081,,9096,8081,,
1361,438,9099,,9099,,,8082,8082,,8082,8082,,
1362,439,9102,,9102,8083,,8083,8083,,8083,,,
1363,440,9105,,8084,,,9105,8084,,8084,8084,,
1364,441,9108,,9108,8085,,8085,8085,,8085,,,
1365,442,9111,,8086,8086,,8086,,,8086,9111,,
1366,443,9114,,8087,,,8087,8087,,9114,8087,,
1367,444,9117,,8088,,,9117,8088,,8088,8088,,
1368,445,9121,,8089,,,9120,9121,,8089,8089,,
1369,446,9126,,,8090,,8090,9125,,8090,9126,,
1370,447,9131,,,8091,,8091,9131,,9130,8091,,
1371,448,9136,,,8092,,8092,8092,,9136,9135,,
1372,449,9141,,,9140,,8093,8093,,8093,9141,,
1373,450,9146,,9146,9145,,,8094,,8094,8094,,
1374,451,9151,,,8095,,8095,8095,,9151,9150,,
1375,452,9156,,8096,8096,,9155,8096,,,9156,,
1376,453,9161,,9160,8097,,8097,9161,,,8097,,
1377,454,9166,,9166,8098,,,8098,,9165,8098,,
1378,455,9171,,9171,9170,,,8099,,8099,8099,,
1379,456,9176,,,8100,,9175,9176,,8100,8100,,
1380,457,9181,,9181,8101,,8101,,,9180,8101,,
1381,458,9186,,8102,9186,,9185,8102,,8102,,,
1382,459,9191,,8103,8103,,9190,9191,,8103,,,
1383,460,9196,,,8104,,9195,9196,,8104,8104,,
1384,461,9201,,8105,8105,,,9201,,8105,9200,,
1385,462,9206,,8106,9206,,8106,8106,,,9205,,
1386,463,9211,,9211,8107,,8107,8107,,,9210,,
1387,464,9216,,9215,8108,,8108,9216,,8108,,,
1388,465,9221,,8109,9221,,9220,8109,,,8109,,
1389,466,9226,,9226,8110,,9225,8110,,,8110,,
1390,467,9231,,8111,,,9231,9230,,8111,8111,,
1391,468,9236,,9235,,,8112,9236,,8112,8112,,
1392,469,9241,,8113,,,8113,9240,,9241,8113,,
1393,470,9246,,8114,8114,,9245,,,9246,8114,,
1394,471,9251,,9251,9250,,8115,8115,,,8115,,
1395,472,9256,,8116,8116,,9256,,,9255,8116,,
1396,473,9261,,9260,8117,,8117,,,9261,8117,,
1397,474,9266,,8118,8118,,8118,,,9265,9266,,
1398,475,9271,,8119,8119,,8119,,,9270,9271,,
1399,476,9276,,,8120,,9275,8120,,8120,9276,,
1400,477,9281,,8121,8121,,8121,9280,,9281,,,
1401,478,9286,,,9285,,8122,8122,,8122,9286,,
1402,479,9291,,9291,9290,,8123,8123,,,8123,,
1403,480,9296,,9296,8124,,9295,8124,,8124,,,
1404,481,9301,,8125,9301,,9300,,,8125,8125,,
1405,482,9306,,,8126,,8126,8126,,9305,9306,,
1406,483,9311,,8127,8127,,8127,9310,,,9311,,
1407,484,9316,,8128,8128,,,9315,,8128,9316,,
1408,485,9321,,8129,8129,,9321,9320,,8129,,,
1409,386,8002,,8001,8002,,,8001,,8002,8002,,
1410,387,8004,,8003,,,8004,8003,,8004,8004,,
1411,388,8006,,,8005,,8005,8006,,8006,8006,,
1412,389,8008,,8008,8008,,,8008,,8007,8007,,
1413,390,8010,,8009,8010,,8009,,,8010,8010,,
1414,391,8012,,8011,8012,,8012,,,8011,8012,,
1415,392,8014,,8013,,,8014,8014,,8013,8014,,
1416,393,8016,,8015,8016,,8016,,,8015,8016,,
1417,394,8018,,8017,8018,,,8018,,8018,8017,,
1418,395,8020,,8020,8020,,,8019,,8020,8019,,
1419,396,8022,,8021,,,8022,8021,,8022,8022,,
1420,397,8024,,8023,8024,,,8023,,8024,8024,,
1421,398,8026,,8025,8026,,8026,8026,,,8025,,
1422,399,8028,,,8028,,8027,8028,,8027,8028,,
1423,400,8030,,,8030,,8030,8029,,8030,8029,,
1424,401,8032,,8031,8032,,,8031,,8032,8032,,
1425,402,8034,,8034,,,8033,8034,,8033,8034,,
1426,403,8036,,8035,8035,,8036,8036,,8036,,,
1427,404,8038,,8038,8038,,8038,8037,,,8037,,
1428,405,8040,,8039,8040,,,8040,,8040,8039,,
1429,406,8042,,8042,8041,,,8042,,8042,8041,,
1430,407,8044,,8044,,,8044,8044,,8043,8043,,
1431,408,8046,,8046,8045,,,8045,,8046,8046,,
1432,409,8048,,8048,,,8047,8047,,8048,8048,,
1433,410,8050,,8050,8050,,8049,8050,,8049,,,
1434,411,8052,,8052,8052,,8051,,,8051,8052,,
1435,412,8054,,8054,8053,,8054,8053,,,8054,,
1436,413,8056,,,8055,,8056,8056,,8055,8056,,
1437,414,8058,,8058,8058,,8057,8058,,,8057,,
1438,415,9031,,8059,8059,,,8059,,9031,8059,,
1439,416,9034,,8060,8060,,8060,8060,,9034,,,
1440,417,9037,,8061,8061,,8061,8061,,,9037,,
1441,418,9040,,8062,,,8062,9040,,8062,8062,,
1442,419,9043,,9043,8063,,8063,8063,,,8063,,
1443,420,9046,,8064,,,8064,9046,,8064,8064,,
1444,421,9049,,8065,8065,,,8065,,9049,8065,,
1445,422,9052,,,8066,,9052,8066,,8066,8066,,
1446,423,9055,,8067,8067,,8067,8067,,,9055,,
1447,424,9058,,,8068,,8068,9058,,8068,8068,,
1448,425,9061,,8069,8069,,9061,,,8069,8069,,
1449,426,9064,,8070,8070,,,8070,,9064,8070,,
1450,427,9067,,8071,8071,,9067,8071,,,8071,,
1451,428,9070,,8072,9070,,,8072,,8072,8072,,
1452,429,9073,,,9073,,8073,8073,,8073,8073,,
1453,430,9076,,,8074,,8074,8074,,8074,9076,,
1454,431,9079,,,9079,,8075,8075,,8075,8075,,
1455,432,9082,,8076,,,9082,8076,,8076,8076,,
1456,433,9085,,8077,8077,,8077,8077,,,9085,,
1457,434,9088,,8078,8078,,9088,,,8078,8078,,
1458,435,9091,,8079,8079,,8079,8079,,,9091,,
1459,436,9094,,8080,8080,,,9094,,8080,8080,,
1460,437,9097,,8081,,,8081,8081,,8081,9097,,
1461,438,9100,,8082,8082,,9100,8082,,8082,,,
1462,439,9103,,9103,8083,,8083,,,8083,8083,,
1463,440,9106,,9106,,,8084,8084,,8084,8084,,
1464,441,9109,,8085,8085,,8085,8085,,9109,,,
1465,442,9112,,8086,9112,,8086,,,8086,8086,,
1466,443,9115,,8087,8087,,8087,,,8087,9115,,
1467,444,9118,,8088,8088,,9118,,,8088,8088,,
1468,445,9123,,9122,8089,,8089,,,9123,8089,,
1469,446,9128,,8090,,,9127,8090,,8090,9128,,
1470,447,9133,,9132,8091,,8091,9133,,8091,,,
1471,448,9138,,,9137,,8092,8092,,8092,9138,,
1472,449,9143,,9142,9143,,8093,8093,,,8093,,
1473,450,9148,,8094,9148,,8094,8094,,9147,,,
1474,451,9153,,9153,,,8095,8095,,8095,9152,,
1475,452,9158,,9157,8096,,,8096,,8096,9158,,
1476,453,9163,,8097,9163,,8097,9162,,8097,,,
1477,454,9168,,,9167,,8098,8098,,9168,8098,,
1478,455,9173,,8099,9172,,,8099,,8099,9173,,
1479,456,9178,,9178,,,8100,8100,,9177,8100,,
1480,457,9183,,9182,8101,,,8101,,9183,8101,,
1481,458,9188,,8102,8102,,9187,9188,,,8102,,
1482,459,9193,,8103,9193,,8103,,,8103,9192,,
1483,460,9198,,8104,9197,,,9198,,8104,8104,,
1484,461,9203,,8105,8105,,8105,9203,,,9202,,
1485,462,9208,,8106,,,8106,8106,,9208,9207,,
1486,463,9213,,8107,9213,,8107,8107,,9212,,,
1487,464,9218,,9217,,,8108,8108,,9218,8108,,
1488,465,9223,,9222,9223,,8109,,,8109,8109,,
1489,466,9228,,9227,8110,,9228,8110,,8110,,,
1490,467,9233,,8111,8111,,8111,,,9233,9232,,
1491,468,9238,,9238,8112,,9237,8112,,8112,,,
1492,469,9243,,9243,8113,,8113,,,9242,8113,,
1493,470,9248,,8114,8114,,9248,,,9247,8114,,
1494,471,9253,,9252,9253,,8115,8115,,,8115,,
1495,472,9258,,9257,9258,,8116,,,8116,8116,,
1496,473,9263,,8117,9262,,8117,9263,,,8117,,
1497,474,9268,,8118,9268,,9267,8118,,8118,,,
1498,475,9273,,8119,9272,,8119,,,8119,9273,,
1499,476,9278,,8120,,,8120,9277,,8120,9278,,
1500,477,9283,,9283,8121,,,8121,,9282,8121,,
1501,478,9288,,8122,8122,,9287,9288,,8122,,,
1502,479,9293,,,9292,,9293,8123,,8123,8123,,
1503,480,9298,,8124,,,9298,8124,,8124,9297,,
1504,481,9303,,9303,,,8125,8125,,9302,8125,,
1505,482,9308,,9307,8126,,9308,8126,,8126,,,
1506,483,9313,,9312,8127,,8127,,,9313,8127,,
1507,484,9318,,9318,8128,,8128,9317,,,8128,,
1508,485,9323,,,9322,,9323,8129,,8129,8129,,
1509,,10070,,,10067,,10070,10069,,10067,10067,,
1510,,10071,,10068,10071,,,10069,,10068,10070,,
1511,,10072,,10071,10071,,,10071,,,10072,,
1512,,10073,,,,,,10073,,,,,
1513,,10074,,,,,,10074,,,,,
1514,,10075,,,,,,10075,,,,,
1515,,10076,,,,,,10076,,,,,
1516,,10077,,,,,,10077,,,,,
1517,,10078,,,,,,10078,,,,,
1518,,10079,,,,,,10079,,,,,
1519,,10080,,,,,,10080,,,,,
1520,,10081,,,,,,10081,,,,,
1521,,10082,,,,,,10082,,,,,
1522,,10083,,,,,,10083,,,,,
1523,,10084,,,,,,10084,,,,,
1524,,10085,,,,,,10085,,,,,
1525,,10086,,,,,,10086,,,,,
1526,,10087,,,,,,10087,,,,,
1527,,10088,,,,,,10088,,,,,
1528,,10089,,,,,,10089,,,,,
1529,,10090,,,,,,10090,,,,,
1530,,10091,,,,,,10091,,,,,
1531,,10092,,,,,,10092,,,,,
1532,,10093,,,,,,10093,,,,,
1533,,10094,,,,,,10094,,,,,
1534,,10095,,,,,,10095,,,,,
1535,,10096,,,,,,10096,,,,,
1536,,10097,,,,,,10097,,,,,
1537,,10098,,,,,,10098,,,,,
1538,,10099,,,,,,10099,,,,,
1539,,10100,,,,,,10100,,,,,
1540,,10101,,,,,,10101,,,,,
1541,,10102,,,,,,10102,,,,,
1542,,10103,,,,,,10103,,,,,
1543,,10104,,,,,,10104,,,,,
1544,,10105,,,,,,10105,,,,,
1545,,10106,,,,,,10106,,,,,
1546,,10107,,,,,,10107,,,,,
1547,,10108,,,,,,10108,,,,,
2001,武器1第一波,21005,,21001,21001,,21001,21004,,21004,,,
2002,武器2第一波,21010,,,21009,,21009,21006,,21006,21006,,
2003,武器3第一波,21015,,21011,21011,,,21011,,21014,21014,,
2004,武器4第一波,21020,,21016,21016,,21016,21019,,,21019,,
2005,武器5第一波,21025,,21021,21021,,,21021,,21024,21024,,
2006,武器6第一波,21030,,21026,21026,,,21026,,21029,21029,,
2007,武器7第一波,21035,,21034,21034,,21031,,,21031,21031,,
2008,武器8第一波,21040,,21039,,,21039,21036,,21036,21036,,
2009,武器9第一波,21045,,,21041,,21041,21041,,21044,21044,,
2010,武器10第一波,21050,,21046,,,21046,21046,,21049,21049,,
2011,衣服1第一波,21055,,21051,21051,,21051,21054,,21054,,,
2012,衣服2第一波,21060,,21056,21056,,,21056,,21059,21059,,
2013,衣服3第一波,21065,,21061,21061,,21061,,,21064,21064,,
2014,衣服4第一波,21070,,21069,21069,,21066,21066,,,21066,,
2015,衣服5第一波,21075,,21074,21074,,21071,21071,,21071,,,
2016,衣服6第一波,21080,,21076,21076,,,21076,,21079,21079,,
2017,衣服7第一波,21085,,21084,,,21084,21081,,21081,21081,,
2018,衣服8第一波,21090,,21089,21089,,,21086,,21086,21086,,
2019,衣服9第一波,21095,,21094,,,21094,21091,,21091,21091,,
2020,衣服10第一波,21100,,,21096,,21096,21096,,21099,21099,,
2021,鞋子1第一波,21105,,21101,,,21101,21101,,21104,21104,,
2022,鞋子2第一波,21110,,21109,21109,,21106,21106,,,21106,,
2023,鞋子3第一波,21115,,21114,21114,,21111,,,21111,21111,,
2024,鞋子4第一波,21120,,21116,,,21116,21116,,21119,21119,,
2025,鞋子5第一波,21125,,21124,21124,,21121,,,21121,21121,,
2026,鞋子6第一波,21130,,,21126,,21126,21126,,21129,21129,,
2027,鞋子7第一波,21135,,21134,21134,,,21131,,21131,21131,,
2028,鞋子8第一波,21140,,21136,21136,,21136,21139,,,21139,,
2029,鞋子9第一波,21145,,21144,21144,,21141,21141,,21141,,,
2030,鞋子10第一波,21150,,21146,,,21146,21146,,21149,21149,,
2031,戒指1第一波,21155,,,21154,,21154,21151,,21151,21151,,
2032,戒指2第一波,21160,,,21159,,21159,21156,,21156,21156,,
2033,戒指3第一波,21165,,21164,,,21164,21161,,21161,21161,,
2034,戒指4第一波,21170,,21166,21166,,,21166,,21169,21169,,
2035,戒指5第一波,21175,,21174,,,21174,21171,,21171,21171,,
2036,戒指6第一波,21180,,21179,21179,,21176,21176,,21176,,,
2037,戒指7第一波,21185,,21181,21181,,21181,21184,,,21184,,
2038,戒指8第一波,21190,,21189,,,21189,21186,,21186,21186,,
2039,戒指9第一波,21195,,,21191,,21191,21191,,21194,21194,,
2040,戒指10第一波,21200,,21199,21199,,21196,21196,,21196,,,
2041,宝珠1第一波,21205,,21201,21201,,21201,21204,,21204,,,
2042,宝珠2第一波,21210,,21206,21206,,21206,21209,,21209,,,
2043,宝珠3第一波,21215,,21214,21214,,21211,,,21211,21211,,
2044,宝珠4第一波,21220,,21219,21219,,21216,,,21216,21216,,
2045,宝珠5第一波,21225,,21224,21224,,21221,21221,,21221,,,
2046,宝珠6第一波,21230,,21226,,,21226,21226,,21229,21229,,
2047,宝珠7第一波,21235,,21234,,,21234,21231,,21231,21231,,
2048,宝珠8第一波,21240,,21239,21239,,,21236,,21236,21236,,
2049,宝珠9第一波,21245,,21244,21244,,,21241,,21241,21241,,
2050,宝珠10第一波,21250,,21249,21249,,21246,,,21246,21246,,
2051,秘籍1第一波,21255,,21251,21251,,,21251,,21254,21254,,
2052,秘籍2第一波,21260,,,21259,,21259,21256,,21256,21256,,
2053,秘籍3第一波,21265,,21261,21261,,21261,,,21264,21264,,
2054,秘籍4第一波,21270,,21269,,,21269,21266,,21266,21266,,
2055,秘籍5第一波,21275,,21271,21271,,21271,21274,,21274,,,
2056,秘籍6第一波,21280,,21279,21279,,,21276,,21276,21276,,
2057,秘籍7第一波,21285,,21281,21281,,21281,21284,,21284,,,
2058,秘籍8第一波,21290,,21286,,,21286,21286,,21289,21289,,
2059,秘籍9第一波,21295,,21291,21291,,21291,21294,,,21294,,
2060,秘籍10第一波,21300,,,21299,,21299,21296,,21296,21296,,
2061,武器1第二波,21305,,21301,21301,,,21303,,21303,21305,,
2062,武器2第二波,21310,,21308,21308,,21306,21306,,,21310,,
2063,武器3第二波,21315,,,21311,,21311,21313,,21313,21315,,
2064,武器4第二波,21320,,,21316,,21316,21318,,21318,21320,,
2065,武器5第二波,21325,,21321,21321,,,21323,,21323,21325,,
2066,武器6第二波,21330,,21326,21326,,21328,21328,,21330,,,
2067,武器7第二波,21335,,21333,21333,,,21331,,21331,21335,,
2068,武器8第二波,21340,,21338,21338,,,21336,,21336,21340,,
2069,武器9第二波,21345,,21341,21341,,21343,21343,,21345,,,
2070,武器10第二波,21350,,21346,21346,,,21348,,21348,21350,,
2071,衣服1第二波,21355,,21351,21351,,21353,21353,,,21355,,
2072,衣服2第二波,21360,,21356,21356,,,21358,,21358,21360,,
2073,衣服3第二波,21365,,21361,21361,,21363,,,21363,21365,,
2074,衣服4第二波,21370,,21368,21368,,21366,21366,,,21370,,
2075,衣服5第二波,21375,,21373,21373,,21371,,,21371,21375,,
2076,衣服6第二波,21380,,21376,21376,,21378,21378,,,21380,,
2077,衣服7第二波,21385,,21383,21383,,,21381,,21381,21385,,
2078,衣服8第二波,21390,,,21388,,21388,21386,,21386,21390,,
2079,衣服9第二波,21395,,21393,21393,,21391,21391,,,21395,,
2080,衣服10第二波,21400,,21396,21396,,21398,,,21398,21400,,
2081,鞋子1第二波,21405,,21401,21401,,21403,21403,,21405,,,
2082,鞋子2第二波,21410,,21408,21408,,21406,21406,,21410,,,
2083,鞋子3第二波,21415,,,21413,,21413,21411,,21411,21415,,
2084,鞋子4第二波,21420,,21416,21416,,21418,,,21418,21420,,
2085,鞋子5第二波,21425,,21423,21423,,,21421,,21421,21425,,
2086,鞋子6第二波,21430,,,21426,,21426,21428,,21428,21430,,
2087,鞋子7第二波,21435,,21433,21433,,21431,,,21431,21435,,
2088,鞋子8第二波,21440,,21436,21436,,21438,21438,,,21440,,
2089,鞋子9第二波,21445,,21443,21443,,21441,,,21441,21445,,
2090,鞋子10第二波,21450,,21446,21446,,,21448,,21448,21450,,
2091,戒指1第二波,21455,,21453,21453,,21451,,,21451,21455,,
2092,戒指2第二波,21460,,,21458,,21458,21456,,21456,21460,,
2093,戒指3第二波,21465,,21463,,,21463,21461,,21461,21465,,
2094,戒指4第二波,21470,,,21466,,21466,21468,,21468,21470,,
2095,戒指5第二波,21475,,21473,,,21473,21471,,21471,21475,,
2096,戒指6第二波,21480,,21478,21478,,,21476,,21476,21480,,
2097,戒指7第二波,21485,,21481,21481,,21483,,,21483,21485,,
2098,戒指8第二波,21490,,21488,21488,,21486,21486,,21490,,,
2099,戒指9第二波,21495,,,21491,,21491,21493,,21493,21495,,
2100,戒指10第二波,21500,,21498,21498,,,21496,,21496,21500,,
2101,宝珠1第二波,21505,,,21501,,21501,21503,,21503,21505,,
2102,宝珠2第二波,21510,,21506,21506,,21508,,,21508,21510,,
2103,宝珠3第二波,21515,,21513,21513,,21511,21511,,,21515,,
2104,宝珠4第二波,21520,,21518,21518,,,21516,,21516,21520,,
2105,宝珠5第二波,21525,,21523,21523,,21521,21521,,,21525,,
2106,宝珠6第二波,21530,,21526,,,21526,21528,,21528,21530,,
2107,宝珠7第二波,21535,,,21533,,21533,21531,,21531,21535,,
2108,宝珠8第二波,21540,,21538,21538,,21536,21536,,,21540,,
2109,宝珠9第二波,21545,,21543,21543,,,21541,,21541,21545,,
2110,宝珠10第二波,21550,,21548,21548,,21546,21546,,,21550,,
2111,秘籍1第二波,21555,,21551,21551,,21553,21553,,21555,,,
2112,秘籍2第二波,21560,,,21558,,21558,21556,,21556,21560,,
2113,秘籍3第二波,21565,,21561,21561,,21563,21563,,21565,,,
2114,秘籍4第二波,21570,,21568,21568,,21566,,,21566,21570,,
2115,秘籍5第二波,21575,,21571,,,21571,21573,,21573,21575,,
2116,秘籍6第二波,21580,,,21578,,21578,21576,,21576,21580,,
2117,秘籍7第二波,21585,,,21581,,21581,21583,,21583,21585,,
2118,秘籍8第二波,21590,,,21586,,21586,21588,,21588,21590,,
2119,秘籍9第二波,21595,,21591,21591,,21593,21593,,21595,,,
2120,秘籍10第二波,21600,,,21598,,21598,21596,,21596,21600,,
2121,武器1第三波,21605,,,21604,,21602,21601,,21603,21605,,
2122,武器2第三波,21610,,21607,21610,,,21608,,21609,21606,,
2123,武器3第三波,21615,,21612,21611,,21613,,,21615,21614,,
2124,武器4第三波,21620,,21617,21618,,21619,21620,,,21616,,
2125,武器5第三波,21625,,21624,21622,,21625,,,21623,21621,,
2126,武器6第三波,21630,,,21628,,21627,21630,,21629,21626,,
2127,武器7第三波,21635,,21633,21635,,,21634,,21632,21631,,
2128,武器8第三波,21640,,21640,21636,,21637,21638,,,21639,,
2129,武器9第三波,21645,,21644,21641,,21645,21643,,21642,,,
2130,武器10第三波,21650,,21650,21647,,,21646,,21648,21649,,
2131,衣服1第三波,21655,,21651,21652,,21655,21654,,21653,,,
2132,衣服2第三波,21660,,21659,21657,,21660,21656,,,21658,,
2133,衣服3第三波,21665,,21665,21664,,21662,21663,,,21661,,
2134,衣服4第三波,21670,,21668,21669,,21670,21667,,,21666,,
2135,衣服5第三波,21675,,21673,,,21674,21671,,21672,21675,,
2136,衣服6第三波,21680,,21680,21677,,21679,21678,,,21676,,
2137,衣服7第三波,21685,,,21685,,21682,21681,,21684,21683,,
2138,衣服8第三波,21690,,21690,21688,,21687,21686,,21689,,,
2139,衣服9第三波,21695,,21691,,,21695,21694,,21693,21692,,
2140,衣服10第三波,21700,,21696,,,21698,21697,,21699,21700,,
2141,鞋子1第三波,21705,,21702,21705,,21704,21701,,,21703,,
2142,鞋子2第三波,21710,,21710,21707,,21706,21708,,,21709,,
2143,鞋子3第三波,21715,,21711,21715,,21714,21713,,,21712,,
2144,鞋子4第三波,21720,,21717,21718,,21720,21716,,21719,,,
2145,鞋子5第三波,21725,,21723,21724,,21725,21722,,,21721,,
2146,鞋子6第三波,21730,,21729,21727,,,21726,,21730,21728,,
2147,鞋子7第三波,21735,,21735,21733,,21732,,,21731,21734,,
2148,鞋子8第三波,21740,,21739,21736,,,21740,,21738,21737,,
2149,鞋子9第三波,21745,,21745,,,21741,21742,,21743,21744,,
2150,鞋子10第三波,21750,,21746,,,21748,21749,,21747,21750,,
2151,戒指1第三波,21755,,,21754,,21755,21751,,21752,21753,,
2152,戒指2第三波,21760,,21756,21758,,21759,21757,,21760,,,
2153,戒指3第三波,21765,,21764,21761,,,21765,,21763,21762,,
2154,戒指4第三波,21770,,21767,,,21770,21766,,21768,21769,,
2155,戒指5第三波,21775,,21773,21772,,21774,,,21775,21771,,
2156,戒指6第三波,21780,,21778,21780,,21776,21779,,,21777,,
2157,戒指7第三波,21785,,21785,21784,,,21781,,21782,21783,,
2158,戒指8第三波,21790,,21789,21787,,21786,,,21788,21790,,
2159,戒指9第三波,21795,,21793,21794,,21795,,,21791,21792,,
2160,戒指10第三波,21800,,21799,21796,,21800,21797,,,21798,,
2161,宝珠1第三波,21805,,,21802,,21803,21801,,21805,21804,,
2162,宝珠2第三波,21810,,21810,21809,,,21807,,21806,21808,,
2163,宝珠3第三波,21815,,21811,,,21814,21812,,21813,21815,,
2164,宝珠4第三波,21820,,21820,21817,,,21816,,21819,21818,,
2165,宝珠5第三波,21825,,21822,21821,,21823,21825,,,21824,,
2166,宝珠6第三波,21830,,21830,21826,,,21827,,21828,21829,,
2167,宝珠7第三波,21835,,21833,21835,,,21831,,21832,21834,,
2168,宝珠8第三波,21840,,21838,21837,,21836,21839,,,21840,,
2169,宝珠9第三波,21845,,21844,21843,,,21845,,21841,21842,,
2170,宝珠10第三波,21850,,21846,21849,,21848,21850,,,21847,,
2171,秘籍1第三波,21855,,21853,21854,,21851,,,21852,21855,,
2172,秘籍2第三波,21860,,21860,,,21856,21859,,21857,21858,,
2173,秘籍3第三波,21865,,,21865,,21862,21861,,21864,21863,,
2174,秘籍4第三波,21870,,21870,21867,,21868,21866,,21869,,,
2175,秘籍5第三波,21875,,21875,21874,,21871,21872,,21873,,,
2176,秘籍6第三波,21880,,21878,,,21877,21880,,21879,21876,,
2177,秘籍7第三波,21885,,,21881,,21882,21884,,21883,21885,,
2178,秘籍8第三波,21890,,21887,21886,,21888,,,21889,21890,,
2179,秘籍9第三波,21895,,21895,21891,,21892,,,21894,21893,,
2180,秘籍10第三波,21900,,,21899,,21897,21898,,21896,21900,,
