##注意，英雄不能一次掉多个，可以多次掉一个,,,,
掉落ID,次数,类型Id,数量,机率
int,int,string,int,int
1,1,4,300,10000
2,1,4,330,10000
3,1,4,360,10000
4,1,4,390,10000
5,1,4,420,10000
6,1,4,450,10000
7,1,4,480,10000
8,1,4,510,10000
9,1,4,540,10000
10,1,4,570,10000
11,1,4,600,10000
12,1,4,650,10000
13,1,4,700,10000
14,1,4,750,10000
15,1,4,800,10000
16,1,4,850,10000
17,1,4,900,10000
18,1,4,950,10000
19,1,4,1000,10000
20,1,4,1050,10000
21,1,4,1100,10000
22,1,4,1150,10000
23,1,4,1200,10000
24,1,4,1300,10000
25,1,4,1400,10000
26,1,4,1500,10000
27,1,4,1600,10000
28,1,4,1700,10000
29,1,4,1800,10000
30,1,4,1900,10000
31,1,4,2000,10000
32,1,4,2000,10000
33,1,4,2000,10000
23,1,1002#0,1,37
23,1,1003#0,1,37
23,1,1004#0,1,37
23,1,1005#0,1,37
23,1,1006#0,1,37
23,1,1007#0,1,37
23,1,1008#0,1,37
23,1,1010#0,1,37
23,1,1011#0,1,37
23,1,1012#0,1,37
23,1,1013#0,1,37
23,1,1014#0,1,37
23,1,1015#0,1,37
23,1,1016#0,1,37
23,1,1017#0,1,37
23,1,1018#0,1,37
23,1,1019#0,1,37
23,1,1021#0,1,37
23,1,1022#0,1,37
23,1,1023#0,1,37
23,1,1024#0,1,37
23,1,1025#0,1,37
23,1,1027#0,1,37
23,1,1028#0,1,37
23,1,1029#0,1,37
23,1,1030#0,1,37
23,1,1031#0,1,37
301,1,30001,1,6000
302,1,31001,1,6000
303,1,32001,1,6000
304,1,33001,1,6000
305,1,30002,1,5000
306,1,31002,1,5000
307,1,32002,1,5000
308,1,33002,1,5000
309,1,30003,1,4000
310,1,31003,1,4000
311,1,32003,1,4000
312,1,33003,1,4000
313,1,30004,1,3000
314,1,31004,1,3000
315,1,32004,1,3000
316,1,33004,1,3000
317,1,30005,1,1000
318,1,31005,1,1000
319,1,32005,1,1000
320,1,33005,1,1000
321,1,20006,1,8000
322,1,21006,1,8000
323,1,22006,1,8000
324,1,23006,1,8000
325,1,20007,1,6000
326,1,21007,1,6000
327,1,22007,1,6000
328,1,23007,1,6000
329,1,20011,1,6000
330,1,21011,1,6000
331,1,22011,1,6000
332,1,23011,1,6000
333,1,20012,1,6600
334,1,21012,1,6600
335,1,22012,1,6600
336,1,23012,1,6600
337,1,20013,1,5400
338,1,21013,1,5400
339,1,22013,1,5400
340,1,23013,1,5400
341,1,20014,1,4800
342,1,21014,1,4800
343,1,22014,1,4800
344,1,23014,1,4800
345,1,20015,1,3200
346,1,21015,1,3200
347,1,22015,1,3200
348,1,23015,1,3200
349,1,20016,1,2500
350,1,21016,1,2500
351,1,22016,1,2500
352,1,23016,1,2500
353,1,20017,1,6000
354,1,21017,1,6000
355,1,22017,1,6000
356,1,23017,1,6000
357,1,20018,1,6600
358,1,21018,1,6600
359,1,22018,1,6600
360,1,23018,1,6600
361,1,20019,1,5400
362,1,21019,1,5400
363,1,22019,1,5400
364,1,23019,1,5400
365,1,20020,1,4800
366,1,21020,1,4800
367,1,22020,1,4800
368,1,23020,1,4800
369,1,20021,1,3200
370,1,21021,1,3200
371,1,22021,1,3200
372,1,23021,1,3200
373,1,20022,1,2500
374,1,21022,1,2500
375,1,22022,1,2500
376,1,23022,1,2500
1001,1,1,3000,2000
1002,1,1,3250,2000
1003,1,1,3500,2000
1004,1,1,3750,2000
1005,1,1,4000,2000
1006,1,1,4250,2000
1007,1,1,4500,2000
1008,1,1,4750,2000
1009,1,1,5000,2000
1010,1,1,5250,2000
1011,1,1,5500,2000
1012,1,1,5750,2000
1013,1,1,6000,2000
1014,1,1,6250,2000
1015,1,1,6500,2000
1016,1,1,6750,2000
1017,1,1,7000,2000
1018,1,1,7250,2000
1019,1,1,7500,2000
1020,1,1,7750,2000
1021,1,1,8000,2000
1022,1,1,8250,2000
1023,1,1,8500,2000
1024,1,1,8750,2000
1025,1,1,9000,2000
1026,1,1,9250,2000
1027,1,1,9500,2000
1028,1,1,9750,2000
1029,1,1,10000,2000
1030,1,1,10500,2000
1031,1,1,11000,2000
1032,1,1,11500,2000
1033,1,1,12000,2000
1034,1,1,12500,2000
1035,1,1,13000,2000
1036,1,1,13500,2000
1037,1,1,14000,2000
1038,1,1,14500,2000
1039,1,1,15000,2000
1040,1,1,15500,2000
1041,1,1,16000,2000
1042,1,1,16500,2000
1043,1,1,17000,2000
1044,1,1,17500,2000
1045,1,1,18000,2000
1046,1,1,18500,2000
1047,1,1,19000,2000
1048,1,1,19500,2000
1049,1,1,20000,2000
1050,1,1,20500,2000
1051,1,1,21000,2000
1052,1,1,21500,2000
1053,1,1,22000,2000
1054,1,1,22500,2000
1055,1,1,23000,2000
1056,1,1,23500,2000
1057,1,1,24000,2000
1058,1,1,24500,2000
1059,1,1,25000,2000
1060,1,1,25500,2000
1061,1,1,26000,2000
1062,1,1,26500,2000
1063,1,1,27000,2000
1064,1,1,27500,2000
1065,1,1,28000,2000
1066,1,1,28500,2000
1067,1,1,29000,2000
1068,1,1,29500,2000
1069,1,1,30000,2000
1070,1,1,30500,2000
1071,1,1,31000,2000
1072,1,1,31500,2000
1073,1,1,32000,2000
1074,1,1,32500,2000
1075,1,1,33000,2000
1076,1,1,33500,2000
1077,1,1,34000,2000
1078,1,1,34500,2000
1079,1,1,35000,2000
1080,1,1,35500,2000
1081,1,1,36500,2000
1082,1,1,37500,2000
1083,1,1,38500,2000
1084,1,1,39500,2000
1085,1,1,40500,2000
1086,1,1,41500,2000
1087,1,1,42500,2000
1088,1,1,43500,2000
1089,1,1,44500,2000
1090,1,1,45500,2000
1091,1,1,46500,2000
1092,1,1,47500,2000
1093,1,1,48500,2000
1094,1,1,49500,2000
1095,1,1,50500,2000
1096,1,1,51500,2000
1097,1,1,52500,2000
1098,1,1,53500,2000
1099,1,1,54500,2000
1100,1,1,55500,2000
1101,1,10001,1,4000
1102,1,10002,1,4000
1103,1,10003,1,4000
1104,1,10005,1,5000
1105,1,10006,1,3500
1106,1,10007,1,3125
1107,1,10008,1,3000
1108,1,10009,1,3000
1109,1,10010,1,2000
1110,1,10011,1,1818
2000,1,2,2000,10000
2001,1,2,300,10000
2001,2,20,1000,10000
2002,1,2,200,10000
2002,2,20,800,10000
2003,1,2,100,10000
2003,2,20,600,10000
2004,1,2,80,10000
2004,2,20,300,10000
2005,1,2,2,3200
2005,1,2,3,3200
2005,1,2,5,2200
2005,1,2,10,1300
2005,1,2,100,100
2006,1,2,4,3200
2006,1,2,6,3200
2006,1,2,10,2200
2006,1,2,20,1300
2006,1,2,200,100
2007,1,1,20000,10000
2007,2,4,10000,10000
2007,3,17,30,10000
2008,1,1,40000,10000
2008,2,4,20000,10000
2008,3,17,60,10000
2009,1,1,60000,10000
2009,2,4,30000,10000
2009,3,17,90,10000
2010,1,1,80000,10000
2010,2,4,40000,10000
2010,3,19005,1,10000
2011,1,1,100000,10000
2011,2,4,50000,10000
2011,3,19006,1,10000
2012,1,1,120000,10000
2012,2,4,60000,10000
2012,3,19007,2,10000
2013,1,1,140000,10000
2013,2,4,70000,10000
2013,3,19008,2,10000
2014,1,1,160000,10000
2014,2,4,80000,10000
2014,3,13032,30,10000
2015,1,1,180000,10000
2015,2,4,90000,10000
2015,3,1032#2,1,10000
2016,1,1,200000,10000
2016,2,4,100000,10000
2016,3,13032,70,10000
2017,1,2,50,10000
2018,1,2,100,10000
2019,1,2,150,10000
2020,1,2,200,10000
2021,1,2,300,10000
2022,1,2,400,10000
2023,1,2,500,10000
2024,1,2,600,10000
2025,1,2,800,10000
2026,1,2,1000,10000
2027,1,2,1500,10000
2028,1,2,2000,10000
2029,1,13017,50,10000
2030,1,2,1200,10000
2030,2,1017#2,1,10000
2031,1,2,1400,10000
2031,2,17,60,10000
2031,3,1017#2,1,10000
2032,1,17,60,10000
2033,1,2,200,10000
2034,1,1012#1,1,10000
2035,1,2,300,10000
2036,1,2,400,10000
2037,1,2,500,10000
2038,1,1017#2,1,10000
2039,1,1007#10,1,10000
2040,1,1008#10,1,10000
2041,1,1010#10,1,10000
2042,1,1011#10,1,10000
2043,1,1012#10,1,10000
2044,1,1013#10,1,10000
2045,1,1014#10,1,10000
2046,1,1015#10,1,10000
2047,1,1016#10,1,10000
2048,1,1017#10,1,10000
2049,1,1018#10,1,10000
2050,1,1019#10,1,10000
2051,1,1021#10,1,10000
2052,1,1022#10,1,10000
2053,1,1023#10,1,10000
2054,1,1024#10,1,10000
2055,1,1025#10,1,10000
2056,1,1027#10,1,10000
2057,1,1028#10,1,10000
2058,1,1029#10,1,10000
2059,1,1030#10,1,10000
2060,1,1031#10,1,10000
2061,1,2,200,10000
2061,2,1,1000000,10000
3001,1,4,5000,10000
3002,1,1012#0,1,10000
3003,1,1006#0,1,10000
3004,2,1018#0,1,10000
3005,1,30001,1,10000
3006,1,30101,1,10000
3007,1,30201,1,10000
3008,1,30301,1,10000
3009,1,39,200,10000
3009,2,1,9000,10000
3010,1,39,400,10000
3010,2,1,18000,10000
3011,1,39,600,10000
3011,2,1,30000,10000
3012,1,39,100,10000
3012,2,1,3000,10000
3013,1,39,70,10000
3013,2,1,9000,10000
3014,1,39,140,10000
3014,2,1,18000,10000
3015,1,39,280,10000
3015,2,1,30000,10000
3016,1,39,20,10000
3016,2,1,3000,10000
5001,1,15001,1,8000
5002,1,15002,1,8000
5003,1,15003,1,8000
5004,1,15004,1,8000
5005,1,15005,1,8000
5006,1,15006,1,6000
5007,1,15007,1,6000
5008,1,15008,1,6000
5009,1,15009,1,6000
5010,1,15010,1,6000
5011,1,15011,1,4000
5012,1,15012,1,4000
5013,1,15013,1,4000
5014,1,15014,1,4000
5015,1,15015,1,4000
5016,1,15016,1,2000
5017,1,15017,1,4000
5018,1,15101,1,6000
5019,1,15102,1,5000
5020,1,15103,1,4000
5021,1,15104,1,3000
5022,1,15105,1,2000
5023,1,15106,1,6000
5024,1,15107,1,5000
5025,1,15108,1,4000
5026,1,15109,1,3000
5027,1,15110,1,2000
5028,1,15111,1,6000
5029,1,15112,1,5000
5030,1,15113,1,4000
5031,1,15114,1,3000
5032,1,15115,1,2000
5033,1,15116,1,6000
5034,1,15117,1,5000
5035,1,15118,1,4000
5036,1,15119,1,3000
5037,1,15120,1,2000
5038,1,15121,1,6000
5039,1,15122,1,5000
5040,1,15123,1,4000
5041,1,15124,1,3000
5042,1,15125,1,2000
5043,1,15126,1,1000
6001,1,1,8700,10000
6002,1,1,11600,10000
6003,1,1,17400,10000
6004,1,1,20300,10000
6005,1,1,23200,10000
6006,1,1,20300,10000
6007,1,1,26100,10000
6008,1,1,31900,10000
6009,1,1,34800,10000
6010,1,1,37700,10000
6011,1,1,40600,10000
6012,1,1,46400,10000
6013,1,1,52200,10000
6014,1,1,58000,10000
6015,1,1,69600,10000
6016,1,1,81200,10000
6017,1,1,10500,10000
6018,1,1,14000,10000
6019,1,1,21000,10000
6020,1,1,24500,10000
6021,1,1,28000,10000
6022,1,1,24500,10000
6023,1,1,31500,10000
6024,1,1,38500,10000
6025,1,1,42000,10000
6026,1,1,45500,10000
6027,1,1,49000,10000
6028,1,1,56000,10000
6029,1,1,63000,10000
6030,1,1,70000,10000
6031,1,1,84000,10000
6032,1,1,98000,10000
6033,1,1,12900,10000
6034,1,1,17200,10000
6035,1,1,25800,10000
6036,1,1,30100,10000
6037,1,1,34400,10000
6038,1,1,30100,10000
6039,1,1,38700,10000
6040,1,1,47300,10000
6041,1,1,51600,10000
6042,1,1,55900,10000
6043,1,1,60200,10000
6044,1,1,68800,10000
6045,1,1,77400,10000
6046,1,1,86000,10000
6047,1,1,103200,10000
6048,1,1,120400,10000
6049,1,1,14700,10000
6050,1,1,19600,10000
6051,1,1,29400,10000
6052,1,1,34300,10000
6053,1,1,39200,10000
6054,1,1,34300,10000
6055,1,1,44100,10000
6056,1,1,53900,10000
6057,1,1,58800,10000
6058,1,1,63700,10000
6059,1,1,68600,10000
6060,1,1,78400,10000
6061,1,1,88200,10000
6062,1,1,98000,10000
6063,1,1,117600,10000
6064,1,1,137200,10000
6065,1,1,16500,10000
6066,1,1,22000,10000
6067,1,1,33000,10000
6068,1,1,38500,10000
6069,1,1,44000,10000
6070,1,1,38500,10000
6071,1,1,49500,10000
6072,1,1,60500,10000
6073,1,1,66000,10000
6074,1,1,71500,10000
6075,1,1,77000,10000
6076,1,1,88000,10000
6077,1,1,99000,10000
6078,1,1,110000,10000
6079,1,1,132000,10000
6080,1,1,154000,10000
6081,1,1,18900,10000
6082,1,1,25200,10000
6083,1,1,37800,10000
6084,1,1,44100,10000
6085,1,1,50400,10000
6086,1,1,44100,10000
6087,1,1,56700,10000
6088,1,1,69300,10000
6089,1,1,75600,10000
6090,1,1,81900,10000
6091,1,1,88200,10000
6092,1,1,100800,10000
6093,1,1,113400,10000
6094,1,1,126000,10000
6095,1,1,151200,10000
6096,1,1,176400,10000
6097,1,1,20700,10000
6098,1,1,27600,10000
6099,1,1,41400,10000
6100,1,1,48300,10000
6101,1,1,55200,10000
6102,1,1,48300,10000
6103,1,1,62100,10000
6104,1,1,75900,10000
6105,1,1,82800,10000
6106,1,1,89700,10000
6107,1,1,96600,10000
6108,1,1,110400,10000
6109,1,1,124200,10000
6110,1,1,138000,10000
6111,1,1,165600,10000
6112,1,1,193200,10000
6113,1,1,22500,10000
6114,1,1,30000,10000
6115,1,1,45000,10000
6116,1,1,52500,10000
6117,1,1,60000,10000
6118,1,1,52500,10000
6119,1,1,67500,10000
6120,1,1,82500,10000
6121,1,1,90000,10000
6122,1,1,97500,10000
6123,1,1,105000,10000
6124,1,1,120000,10000
6125,1,1,135000,10000
6126,1,1,150000,10000
6127,1,1,180000,10000
6128,1,1,210000,10000
6129,1,1,24900,10000
6130,1,1,33200,10000
6131,1,1,49800,10000
6132,1,1,58100,10000
6133,1,1,66400,10000
6134,1,1,58100,10000
6135,1,1,74700,10000
6136,1,1,91300,10000
6137,1,1,99600,10000
6138,1,1,107900,10000
6139,1,1,116200,10000
6140,1,1,132800,10000
6141,1,1,149400,10000
6142,1,1,166000,10000
6143,1,1,199200,10000
6144,1,1,232400,10000
6145,1,4,600,10000
6146,1,4,800,10000
6147,1,4,1200,10000
6148,1,4,1400,10000
6149,1,4,1600,10000
6150,1,4,1400,10000
6151,1,4,1800,10000
6152,1,4,2200,10000
6153,1,4,2400,10000
6154,1,4,2600,10000
6155,1,4,2800,10000
6156,1,4,3200,10000
6157,1,4,3600,10000
6158,1,4,4000,10000
6159,1,4,4800,10000
6160,1,4,5600,10000
6161,1,4,900,10000
6162,1,4,1200,10000
6163,1,4,1800,10000
6164,1,4,2100,10000
6165,1,4,2400,10000
6166,1,4,2100,10000
6167,1,4,2700,10000
6168,1,4,3300,10000
6169,1,4,3600,10000
6170,1,4,3900,10000
6171,1,4,4200,10000
6172,1,4,4800,10000
6173,1,4,5400,10000
6174,1,4,6000,10000
6175,1,4,7200,10000
6176,1,4,8400,10000
6177,1,4,1200,10000
6178,1,4,1600,10000
6179,1,4,2400,10000
6180,1,4,2800,10000
6181,1,4,3200,10000
6182,1,4,2800,10000
6183,1,4,3600,10000
6184,1,4,4400,10000
6185,1,4,4800,10000
6186,1,4,5200,10000
6187,1,4,5600,10000
6188,1,4,6400,10000
6189,1,4,7200,10000
6190,1,4,8000,10000
6191,1,4,9600,10000
6192,1,4,11200,10000
6193,1,4,1500,10000
6194,1,4,2000,10000
6195,1,4,3000,10000
6196,1,4,3500,10000
6197,1,4,4000,10000
6198,1,4,3500,10000
6199,1,4,4500,10000
6200,1,4,5500,10000
6201,1,4,6000,10000
6202,1,4,6500,10000
6203,1,4,7000,10000
6204,1,4,8000,10000
6205,1,4,9000,10000
6206,1,4,10000,10000
6207,1,4,12000,10000
6208,1,4,14000,10000
6209,1,4,1800,10000
6210,1,4,2400,10000
6211,1,4,3600,10000
6212,1,4,4200,10000
6213,1,4,4800,10000
6214,1,4,4200,10000
6215,1,4,5400,10000
6216,1,4,6600,10000
6217,1,4,7200,10000
6218,1,4,7800,10000
6219,1,4,8400,10000
6220,1,4,9600,10000
6221,1,4,10800,10000
6222,1,4,12000,10000
6223,1,4,14400,10000
6224,1,4,16800,10000
6225,1,4,2100,10000
6226,1,4,2800,10000
6227,1,4,4200,10000
6228,1,4,4900,10000
6229,1,4,5600,10000
6230,1,4,4900,10000
6231,1,4,6300,10000
6232,1,4,7700,10000
6233,1,4,8400,10000
6234,1,4,9100,10000
6235,1,4,9800,10000
6236,1,4,11200,10000
6237,1,4,12600,10000
6238,1,4,14000,10000
6239,1,4,16800,10000
6240,1,4,19600,10000
6241,1,4,2400,10000
6242,1,4,3200,10000
6243,1,4,4800,10000
6244,1,4,5600,10000
6245,1,4,6400,10000
6246,1,4,5600,10000
6247,1,4,7200,10000
6248,1,4,8800,10000
6249,1,4,9600,10000
6250,1,4,10400,10000
6251,1,4,11200,10000
6252,1,4,12800,10000
6253,1,4,14400,10000
6254,1,4,16000,10000
6255,1,4,19200,10000
6256,1,4,22400,10000
6257,1,4,2700,10000
6258,1,4,3600,10000
6259,1,4,5400,10000
6260,1,4,6300,10000
6261,1,4,7200,10000
6262,1,4,6300,10000
6263,1,4,8100,10000
6264,1,4,9900,10000
6265,1,4,10800,10000
6266,1,4,11700,10000
6267,1,4,12600,10000
6268,1,4,14400,10000
6269,1,4,16200,10000
6270,1,4,18000,10000
6271,1,4,21600,10000
6272,1,4,25200,10000
6273,1,4,3150,10000
6274,1,4,4200,10000
6275,1,4,6300,10000
6276,1,4,7350,10000
6277,1,4,8400,10000
6278,1,4,7350,10000
6279,1,4,9450,10000
6280,1,4,11550,10000
6281,1,4,12600,10000
6282,1,4,13650,10000
6283,1,4,14700,10000
6284,1,4,16800,10000
6285,1,4,18900,10000
6286,1,4,21000,10000
6287,1,4,25200,10000
6288,1,4,29400,10000
6501,1,4005,1,258
6501,1,4001,1,258
6501,1,4002,1,258
6501,1,4007,1,258
6501,1,4008,1,258
6501,1,4006,1,258
6501,1,4009,1,258
6501,1,4010,1,258
6501,1,4004,1,258
6501,1,4011,1,258
6501,1,4003,1,258
6501,1,4012,1,258
6501,1,4021,1,258
6501,1,4013,1,258
6501,1,4025,1,258
6501,1,4030,1,258
6501,1,4031,1,258
6501,1,4015,1,258
6501,1,4026,1,258
6501,1,4023,1,258
6501,1,4022,1,258
6501,1,4032,1,258
6501,1,4016,1,258
6501,1,4027,1,258
6501,1,4028,1,258
6501,1,4018,1,258
6501,1,4033,1,258
6501,1,4029,1,258
6501,1,4024,1,258
6501,1,4053,1,258
6501,1,4017,1,250
6501,1,4034,1,67
6501,1,4019,1,67
6501,1,4035,1,67
6501,1,4057,1,67
6501,1,4014,1,67
6501,1,4054,1,67
6501,1,4043,1,67
6501,1,4036,1,67
6501,1,4020,1,67
6501,1,4037,1,67
6501,1,4058,1,67
6501,1,4206,1,67
6501,1,4055,1,67
6501,1,4044,1,67
6501,1,4060,1,67
6501,1,4048,1,67
6501,1,4061,1,67
6501,1,4210,1,67
6501,1,4062,1,67
6501,1,4045,1,67
6501,1,4046,1,67
6501,1,4202,1,67
6501,1,4203,1,67
6501,1,4059,1,67
6501,1,4207,1,67
6501,1,4063,1,67
6501,1,4056,1,67
6501,1,4205,1,67
6501,1,4047,1,67
6501,1,4204,1,67
6502,1,4005,1,242
6502,1,4001,1,242
6502,1,4002,1,212
6502,1,4007,1,242
6502,1,4008,1,242
6502,1,4006,1,242
6502,1,4009,1,242
6502,1,4010,1,242
6502,1,4004,1,242
6502,1,4011,1,242
6502,1,4003,1,242
6502,1,4012,1,242
6502,1,4021,1,242
6502,1,4013,1,242
6502,1,4025,1,242
6502,1,4030,1,242
6502,1,4031,1,242
6502,1,4015,1,242
6502,1,4026,1,242
6502,1,4023,1,242
6502,1,4022,1,242
6502,1,4032,1,242
6502,1,4016,1,242
6502,1,4027,1,242
6502,1,4028,1,242
6502,1,4018,1,242
6502,1,4033,1,242
6502,1,4029,1,242
6502,1,4024,1,242
6502,1,4053,1,242
6502,1,4017,1,242
6502,1,4034,1,67
6502,1,4019,1,67
6502,1,4035,1,67
6502,1,4057,1,67
6502,1,4014,1,67
6502,1,4054,1,67
6502,1,4043,1,67
6502,1,4036,1,67
6502,1,4020,1,67
6502,1,4037,1,67
6502,1,4058,1,67
6502,1,4206,1,67
6502,1,4055,1,67
6502,1,4044,1,67
6502,1,4060,1,67
6502,1,4048,1,67
6502,1,4061,1,67
6502,1,4210,1,67
6502,1,4062,1,67
6502,1,4045,1,67
6502,1,4046,1,67
6502,1,4202,1,67
6502,1,4203,1,67
6502,1,4059,1,67
6502,1,4207,1,67
6502,1,4063,1,67
6502,1,4056,1,67
6502,1,4205,1,67
6502,1,4047,1,67
6502,1,4204,1,67
6502,1,4064,1,14
6502,1,4049,1,14
6502,1,4065,1,14
6502,1,4212,1,14
6502,1,4087,1,14
6502,1,4215,1,14
6502,1,4038,1,14
6502,1,4039,1,14
6502,1,4040,1,14
6502,1,4041,1,14
6502,1,4042,1,14
6502,1,4145,1,14
6502,1,4146,1,14
6502,1,4147,1,14
6502,1,4148,1,14
6502,1,4149,1,14
6502,1,4084,1,14
6502,1,4161,1,14
6502,1,4076,1,14
6502,1,4066,1,14
6502,1,4213,1,14
6502,1,4050,1,14
6502,1,4150,1,14
6502,1,4068,1,14
6502,1,4069,1,14
6502,1,4067,1,14
6502,1,4214,1,14
6502,1,4070,1,14
6502,1,4088,1,14
6502,1,4164,1,14
6502,1,4085,1,14
6502,1,4162,1,14
6502,1,4077,1,14
6502,1,4090,1,14
6502,1,4091,1,14
6502,1,4166,1,14
6502,1,4167,1,14
6503,1,4005,1,226
6503,1,4001,1,226
6503,1,4002,1,100
6503,1,4007,1,226
6503,1,4008,1,226
6503,1,4006,1,226
6503,1,4009,1,226
6503,1,4010,1,226
6503,1,4004,1,226
6503,1,4011,1,226
6503,1,4003,1,226
6503,1,4012,1,226
6503,1,4021,1,226
6503,1,4013,1,226
6503,1,4025,1,226
6503,1,4030,1,226
6503,1,4031,1,226
6503,1,4015,1,226
6503,1,4026,1,226
6503,1,4023,1,226
6503,1,4022,1,226
6503,1,4032,1,226
6503,1,4016,1,226
6503,1,4027,1,226
6503,1,4028,1,226
6503,1,4018,1,226
6503,1,4033,1,226
6503,1,4029,1,226
6503,1,4024,1,226
6503,1,4053,1,226
6503,1,4017,1,226
6503,1,4034,1,67
6503,1,4019,1,67
6503,1,4035,1,67
6503,1,4057,1,67
6503,1,4014,1,67
6503,1,4054,1,67
6503,1,4043,1,67
6503,1,4036,1,67
6503,1,4020,1,67
6503,1,4037,1,67
6503,1,4058,1,67
6503,1,4206,1,67
6503,1,4055,1,67
6503,1,4044,1,67
6503,1,4060,1,67
6503,1,4048,1,67
6503,1,4061,1,67
6503,1,4210,1,67
6503,1,4062,1,67
6503,1,4045,1,67
6503,1,4046,1,67
6503,1,4202,1,67
6503,1,4203,1,67
6503,1,4059,1,67
6503,1,4207,1,67
6503,1,4063,1,67
6503,1,4056,1,67
6503,1,4205,1,67
6503,1,4047,1,67
6503,1,4204,1,67
6503,1,4064,1,22
6503,1,4049,1,22
6503,1,4065,1,22
6503,1,4212,1,22
6503,1,4087,1,22
6503,1,4215,1,22
6503,1,4038,1,22
6503,1,4039,1,22
6503,1,4040,1,22
6503,1,4041,1,22
6503,1,4042,1,22
6503,1,4145,1,22
6503,1,4146,1,22
6503,1,4147,1,22
6503,1,4148,1,22
6503,1,4149,1,22
6503,1,4084,1,22
6503,1,4161,1,22
6503,1,4076,1,22
6503,1,4066,1,22
6503,1,4213,1,22
6503,1,4050,1,22
6503,1,4150,1,22
6503,1,4068,1,22
6503,1,4069,1,22
6503,1,4067,1,22
6503,1,4214,1,22
6503,1,4070,1,22
6503,1,4088,1,22
6503,1,4164,1,22
6503,1,4085,1,22
6503,1,4162,1,22
6503,1,4077,1,22
6503,1,4090,1,22
6503,1,4091,1,22
6503,1,4166,1,22
6503,1,4167,1,22
6503,1,4092,1,8
6503,1,4168,1,8
6503,1,4051,1,8
6503,1,4093,1,8
6503,1,4094,1,8
6503,1,4151,1,8
6503,1,4169,1,8
6503,1,4170,1,8
6503,1,4089,1,8
6503,1,4165,1,8
6503,1,4071,1,8
6503,1,4072,1,8
6503,1,4073,1,8
6503,1,4074,1,8
6503,1,4075,1,8
6503,1,4153,1,8
6503,1,4154,1,8
6503,1,4155,1,8
6503,1,4156,1,8
6503,1,4157,1,8
6503,1,4086,1,8
6503,1,4163,1,8
6503,1,4078,1,8
6503,1,4095,1,8
6503,1,4052,1,8
6503,1,4152,1,8
6503,1,4098,1,8
6503,1,4099,1,8
6503,1,4100,1,8
6503,1,4121,1,8
6503,1,4112,1,8
6503,1,4122,1,8
6503,1,4217,1,8
6503,1,4123,1,8
6503,1,4109,1,8
6503,1,4216,1,8
6503,1,4079,1,8
6504,1,4005,1,374
6504,1,4001,1,194
6504,1,4002,1,196
6504,1,4007,1,194
6504,1,4008,1,194
6504,1,4006,1,194
6504,1,4009,1,194
6504,1,4010,1,194
6504,1,4004,1,194
6504,1,4011,1,194
6504,1,4003,1,194
6504,1,4012,1,194
6504,1,4021,1,194
6504,1,4013,1,194
6504,1,4025,1,194
6504,1,4030,1,194
6504,1,4031,1,194
6504,1,4015,1,194
6504,1,4026,1,194
6504,1,4023,1,194
6504,1,4022,1,194
6504,1,4032,1,194
6504,1,4016,1,194
6504,1,4027,1,194
6504,1,4028,1,194
6504,1,4018,1,194
6504,1,4033,1,194
6504,1,4029,1,194
6504,1,4024,1,194
6504,1,4053,1,194
6504,1,4017,1,194
6504,1,4034,1,88
6504,1,4019,1,88
6504,1,4035,1,88
6504,1,4057,1,88
6504,1,4014,1,88
6504,1,4054,1,88
6504,1,4043,1,88
6504,1,4036,1,88
6504,1,4020,1,88
6504,1,4037,1,88
6504,1,4058,1,88
6504,1,4206,1,88
6504,1,4055,1,88
6504,1,4044,1,88
6504,1,4060,1,88
6504,1,4048,1,88
6504,1,4061,1,88
6504,1,4210,1,88
6504,1,4062,1,88
6504,1,4045,1,88
6504,1,4046,1,88
6504,1,4202,1,88
6504,1,4203,1,88
6504,1,4059,1,88
6504,1,4207,1,88
6504,1,4063,1,88
6504,1,4056,1,88
6504,1,4205,1,88
6504,1,4047,1,88
6504,1,4204,1,88
6504,1,4064,1,27
6504,1,4049,1,22
6504,1,4065,1,22
6504,1,4212,1,22
6504,1,4087,1,22
6504,1,4215,1,22
6504,1,4038,1,22
6504,1,4039,1,22
6504,1,4040,1,22
6504,1,4041,1,22
6504,1,4042,1,22
6504,1,4145,1,22
6504,1,4146,1,22
6504,1,4147,1,22
6504,1,4148,1,22
6504,1,4149,1,22
6504,1,4084,1,22
6504,1,4161,1,22
6504,1,4076,1,22
6504,1,4066,1,22
6504,1,4213,1,22
6504,1,4050,1,22
6504,1,4150,1,22
6504,1,4068,1,22
6504,1,4069,1,22
6504,1,4067,1,22
6504,1,4214,1,22
6504,1,4070,1,22
6504,1,4088,1,22
6504,1,4164,1,22
6504,1,4085,1,22
6504,1,4162,1,22
6504,1,4077,1,22
6504,1,4090,1,22
6504,1,4091,1,22
6504,1,4166,1,22
6504,1,4167,1,22
6504,1,4092,1,8
6504,1,4168,1,8
6504,1,4051,1,8
6504,1,4093,1,8
6504,1,4094,1,8
6504,1,4151,1,8
6504,1,4169,1,8
6504,1,4170,1,8
6504,1,4089,1,8
6504,1,4165,1,8
6504,1,4071,1,8
6504,1,4072,1,8
6504,1,4073,1,8
6504,1,4074,1,8
6504,1,4075,1,8
6504,1,4153,1,8
6504,1,4154,1,8
6504,1,4155,1,8
6504,1,4156,1,8
6504,1,4157,1,8
6504,1,4086,1,8
6504,1,4163,1,8
6504,1,4078,1,8
6504,1,4095,1,8
6504,1,4052,1,8
6504,1,4152,1,8
6504,1,4098,1,8
6504,1,4099,1,8
6504,1,4100,1,8
6504,1,4121,1,8
6504,1,4112,1,8
6504,1,4122,1,8
6504,1,4217,1,8
6504,1,4123,1,8
6504,1,4109,1,8
6504,1,4216,1,8
6504,1,4079,1,8
6504,1,4096,1,7
6504,1,4081,1,7
6504,1,4097,1,7
6504,1,4158,1,7
6504,1,4171,1,7
6504,1,4080,1,7
6504,1,4208,1,7
6601,1,1001#2,1,5
6601,1,1002#1,1,10
6601,1,1003#1,1,10
6601,1,1004#0,1,30
6601,1,1005#1,1,10
6601,1,1006#0,1,30
6601,1,1007#1,1,10
6601,1,1008#0,1,30
6601,1,1009#2,1,5
6601,1,1010#2,1,5
6601,1,1011#0,1,30
6601,1,1012#1,1,10
6601,1,1013#0,1,30
6601,1,1014#0,1,30
6601,1,1015#1,1,10
6601,1,1016#1,1,10
6601,1,1017#2,1,5
6601,1,1018#0,1,30
6601,1,1019#0,1,30
6601,1,1020#2,1,5
6601,1,1021#1,1,10
6601,1,1022#1,1,10
6601,1,1023#0,1,30
6601,1,1024#1,1,10
6601,1,1025#1,1,10
6601,1,1026#2,1,5
6601,1,1027#2,1,5
6601,1,1028#1,1,10
6601,1,1029#0,1,30
6601,1,1030#2,1,5
6601,1,1031#1,1,10
6601,1,1032#2,1,5
6601,1,1033#2,1,5
6601,1,19998,1,1000
6701,1,10003,1,2000
6702,1,10004,1,2000
6703,1,10005,1,2000
6704,1,10006,1,2000
6705,1,10007,1,2000
6706,1,10008,1,2000
6707,1,10009,1,2000
6708,1,10010,1,2000
6709,1,10011,1,2000
6710,1,10003,1,5000
6711,1,10004,1,5000
6712,1,10005,1,5000
6713,1,10006,1,5000
6714,1,10007,1,5000
6715,1,10008,1,5000
6716,1,10009,1,5000
6717,1,10010,1,5000
6718,1,10011,1,5000
8001,1,4005,1,5000
8002,1,4001,1,5000
8003,1,4002,1,5000
8004,1,4007,1,5000
8005,1,4008,1,5000
8006,1,4006,1,5000
8007,1,4009,1,5000
8008,1,4010,1,5000
8009,1,4004,1,5000
8010,1,4011,1,5000
8011,1,4003,1,5000
8012,1,4012,1,5000
8013,1,4013,1,5000
8014,1,4125,1,3000
8015,1,4124,1,3000
8016,1,4127,1,3000
8017,1,4126,1,3000
8018,1,4128,1,3000
8019,1,4129,1,3000
8020,1,4130,1,3000
8021,1,4172,1,3000
8022,1,4173,1,3000
8023,1,4174,1,3000
8024,1,4175,1,3000
8025,1,4176,1,3000
8026,1,4188,1,3000
8027,1,4134,1,3000
8028,1,4177,1,3000
8029,1,4131,1,3000
8030,1,4132,1,3000
8031,1,4133,1,3000
8032,1,4191,1,3000
8033,1,4189,1,3000
8034,1,4135,1,3000
8035,1,4193,1,3000
8036,1,4194,1,3000
8037,1,4195,1,3000
8038,1,4178,1,3000
8039,1,4196,1,3000
8040,1,4197,1,3000
8041,1,4192,1,3000
8042,1,4180,1,3000
8043,1,4181,1,3000
8044,1,4182,1,3000
8045,1,4183,1,3000
8046,1,4184,1,3000
8047,1,4190,1,3000
8048,1,4136,1,3000
8049,1,4179,1,3000
8050,1,4139,1,3000
8051,1,4140,1,3000
8052,1,4141,1,3000
8053,1,4142,1,3000
8054,1,4143,1,3000
8055,1,4144,1,3000
8056,1,4137,1,3000
8057,1,4138,1,3000
8058,1,4185,1,3000
8059,1,4198,1,3000
8060,1,4186,1,3000
8061,1,4187,1,3000
8062,1,4199,1,3000
8063,1,4200,1,3000
8064,1,4021,1,3000
8065,1,4201,1,3000
8066,1,4030,1,3000
8067,1,4031,1,3000
8068,1,4218,1,3000
8069,1,4219,1,3000
8070,1,4220,1,3000
8071,1,4221,1,3000
8072,1,4222,1,3000
8073,1,4223,1,3000
8074,1,4224,1,3000
8075,1,4225,1,3000
8076,1,4226,1,3000
8077,1,4227,1,3000
8078,1,4228,1,3000
8079,1,4229,1,3000
8080,1,4230,1,3000
8081,1,4231,1,3000
8082,1,4232,1,3000
8083,1,4233,1,3000
10000,1,19998,1,1000
10001,1,19998,1,10000
9001,1,4005,1,8000
9002,1,4001,1,8000
9003,1,4002,1,8000
9004,1,4007,1,8000
9005,1,4008,1,8000
9006,1,4006,1,8000
9007,1,4009,1,8000
9008,1,4010,1,8000
9009,1,4004,1,8000
9010,1,4011,1,8000
9011,1,4003,1,8000
9012,1,4012,1,8000
9013,1,4013,1,8000
9014,1,4125,1,8000
9015,1,4124,1,5000
9016,1,4127,1,5000
9017,1,4126,1,5000
9018,1,4128,1,5000
9019,1,4129,1,5000
9020,1,4130,1,5000
9021,1,4172,1,5000
9022,1,4173,1,5000
9023,1,4174,1,5000
9024,1,4175,1,5000
9025,1,4176,1,5000
9026,1,4188,1,5000
9027,1,4134,1,5000
9028,1,4177,1,5000
9029,1,4131,1,5000
9030,1,4132,1,5000
9031,1,4133,1,5000
9032,1,4191,1,5000
9033,1,4189,1,5000
9034,1,4135,1,5000
9035,1,4193,1,5000
9036,1,4194,1,5000
9037,1,4195,1,5000
9038,1,4178,1,5000
9039,1,4196,1,5000
9040,1,4197,1,5000
9041,1,4192,1,5000
9042,1,4180,1,5000
9043,1,4181,1,5000
9044,1,4182,1,5000
9045,1,4183,1,5000
9046,1,4184,1,5000
9047,1,4190,1,5000
9048,1,4136,1,5000
9049,1,4179,1,5000
9050,1,4139,1,5000
9051,1,4140,1,5000
9052,1,4141,1,5000
9053,1,4142,1,5000
9054,1,4143,1,5000
9055,1,4144,1,5000
9056,1,4137,1,5000
9057,1,4138,1,5000
9058,1,4185,1,5000
9059,1,4198,1,5000
9060,1,4186,1,5000
9061,1,4187,1,5000
9062,1,4199,1,8000
9063,1,4200,1,5000
9064,1,4021,1,8000
9065,1,4201,1,5000
9066,1,4030,1,8000
9067,1,4031,1,8000
9068,1,4218,1,5000
9069,1,4219,1,5000
9070,1,4220,1,5000
9071,1,4221,1,5000
9072,1,4222,1,5000
9073,1,4223,1,5000
9074,1,4224,1,5000
9075,1,4225,1,5000
9076,1,4226,1,5000
9077,1,4227,1,5000
9078,1,4228,1,5000
9079,1,4229,1,5000
9080,1,4230,1,5000
9081,1,4231,1,5000
9082,1,4232,1,5000
9083,1,4233,1,5000
11001,1,13018,1,5000
11002,1,13024,1,5000
11003,1,13029,1,5000
11004,1,13021,1,5000
11005,1,13028,1,5000
11006,1,13025,1,5000
11007,1,13022,1,5000
11008,1,13004,1,5000
11009,1,13013,1,5000
11010,1,13014,1,5000
11011,1,13023,1,5000
11012,1,13007,1,5000
11013,1,13031,1,5000
11014,1,13008,1,5000
11015,1,13019,1,5000
20001,1,1,200000,10000
20001,2,2,100,10000
20001,3,17,20,10000
20002,1,1,300000,10000
20002,2,2,188,10000
20002,3,17,50,10000
20003,1,2,300,10000
20004,1,2,100,10000
20007,1,2,100,10000
20008,1,2,1000,10000
20009,1,2,1500,10000
20010,1,2,2000,10000
20011,1,2,3000,10000
20012,1,2,5000,10000
20013,1,2,300,10000
20014,1,2,600,10000
20015,1,2,800,10000
20016,1,2,200,10000
20017,1,2,100,10000
20017,2,4,50000,10000
20017,3,1,200000,10000
20017,4,13002,5,10000
20018,1,2,60,10000
20018,2,4,25000,10000
20018,3,1,100000,10000
20019,1,2,60,10000
20019,2,4,20000,10000
20019,3,1,20000,10000
20020,1,2,80,10000
20020,2,17,10,10000
20020,3,4,50000,10000
20021,1,2,30,10000
20021,2,17,5,10000
20021,3,1,20000,10000
20022,1,2,50,10000
20022,2,4,30000,10000
20022,3,1,50000,10000
20023,1,2,100,10000
20023,2,17,10,10000
20023,3,1,100000,10000
20024,1,2,10000,10000
20025,1,2,3000,10000
20026,1,2,20,10000
20026,2,1,200000,10000
21001,1,2,50,10000
21001,2,1,30000,10000
21001,3,4,10000,10000
21001,4,17,12,10000
21002,1,2,40,10000
21002,2,1,30000,10000
21002,3,4,10000,10000
21002,4,13006,5,10000
21003,1,2,100,10000
21003,2,17,50,10000
21003,3,1,100000,10000
21004,1,2,30,10000
21004,2,17,6,10000
21004,3,1,20000,10000
21005,1,2,50,10000
21005,2,1,50000,10000
21005,3,4,30000,10000
21006,1,2,100,10000
21006,2,17,60,10000
21006,3,1,100000,10000
21007,1,2,50,10000
21007,2,1,30000,10000
21007,3,4,20000,10000
21007,4,17,12,10000
21008,1,2,120,10000
21008,2,1,100000,10000
21008,3,4,50000,10000
21009,1,2,150,10000
21009,2,1,100000,10000
21009,3,4,80000,10000
21010,1,2,20,10000
21010,2,17,6,10000
21010,3,1,30000,10000
21011,1,13024,10,10000
21012,1,2,50,10000
21012,2,17,50,10000
21013,1,1,100000,10000
21013,2,17,50,10000
21014,1,2,188,10000
21014,2,1,50000,10000
21014,3,4,10000,10000
21014,4,17,60,10000
21015,1,2,188,10000
21015,2,1,50000,10000
21015,3,4,30000,10000
21005,4,17,30,10000
21016,1,2,30,10000
21016,2,17,6,10000
21016,3,4,30000,10000
21017,1,2,50,10000
21017,2,1,50000,10000
21017,3,4,30000,10000
21018,1,2,100,10000
21018,2,17,60,10000
21018,3,4,50000,10000
90001,1,1002#1,1,10000
90001,2,200691,1,10000
90001,3,1,200000,10000
90001,4,4,100000,10000
50001,1,200001,1,480
50001,1,200011,1,480
50001,1,200021,1,480
50001,1,200031,1,480
50001,1,200041,1,480
50001,1,200181,1,320
50001,1,200191,1,320
50001,1,200201,1,320
50001,1,200211,1,320
50001,1,200221,1,320
50002,1,200182,1,720
50002,1,200192,1,720
50002,1,200202,1,720
50002,1,200212,1,720
50002,1,200222,1,720
50002,1,200362,1,80
50002,1,200372,1,80
50002,1,200382,1,80
50002,1,200392,1,80
50002,1,200402,1,80
50003,1,200183,1,720
50003,1,200193,1,720
50003,1,200203,1,720
50003,1,200213,1,720
50003,1,200223,1,720
50003,1,200363,1,80
50003,1,200373,1,80
50003,1,200383,1,80
50003,1,200393,1,80
50003,1,200403,1,80
50004,1,200184,1,720
50004,1,200194,1,720
50004,1,200204,1,720
50004,1,200214,1,720
50004,1,200224,1,720
50004,1,200364,1,80
50004,1,200374,1,80
50004,1,200384,1,80
50004,1,200394,1,80
50004,1,200404,1,80
50005,1,200185,1,640
50005,1,200195,1,640
50005,1,200205,1,640
50005,1,200215,1,640
50005,1,200225,1,640
50005,1,200365,1,160
50005,1,200375,1,160
50005,1,200385,1,160
50005,1,200395,1,160
50005,1,200405,1,160
50006,1,200186,1,640
50006,1,200196,1,640
50006,1,200206,1,640
50006,1,200216,1,640
50006,1,200226,1,640
50006,1,200366,1,160
50006,1,200376,1,160
50006,1,200386,1,160
50006,1,200396,1,160
50006,1,200406,1,160
50007,1,200187,1,560
50007,1,200197,1,560
50007,1,200207,1,560
50007,1,200217,1,560
50007,1,200227,1,560
50007,1,200367,1,240
50007,1,200377,1,240
50007,1,200387,1,240
50007,1,200397,1,240
50007,1,200407,1,240
50008,1,200188,1,560
50008,1,200198,1,560
50008,1,200208,1,560
50008,1,200218,1,560
50008,1,200228,1,560
50008,1,200368,1,240
50008,1,200378,1,240
50008,1,200388,1,240
50008,1,200398,1,240
50008,1,200408,1,240
50009,1,200189,1,480
50009,1,200199,1,480
50009,1,200209,1,480
50009,1,200219,1,480
50009,1,200229,1,480
50009,1,200369,1,320
50009,1,200379,1,320
50009,1,200389,1,320
50009,1,200399,1,320
50009,1,200409,1,320
50010,1,200190,1,480
50010,1,200200,1,480
50010,1,200210,1,480
50010,1,200220,1,480
50010,1,200230,1,480
50010,1,200370,1,320
50010,1,200380,1,320
50010,1,200390,1,320
50010,1,200400,1,320
50010,1,200410,1,320
50011,1,200051,1,480
50011,1,200061,1,480
50011,1,200071,1,480
50011,1,200081,1,480
50011,1,200091,1,480
50011,1,200231,1,320
50011,1,200241,1,320
50011,1,200251,1,320
50011,1,200261,1,320
50011,1,200271,1,320
50012,1,200232,1,720
50012,1,200242,1,720
50012,1,200252,1,720
50012,1,200262,1,720
50012,1,200272,1,720
50012,1,200412,1,80
50012,1,200422,1,80
50012,1,200432,1,80
50012,1,200442,1,80
50012,1,200452,1,80
50013,1,200233,1,720
50013,1,200243,1,720
50013,1,200253,1,720
50013,1,200263,1,720
50013,1,200273,1,720
50013,1,200413,1,80
50013,1,200423,1,80
50013,1,200433,1,80
50013,1,200443,1,80
50013,1,200453,1,80
50014,1,200234,1,720
50014,1,200244,1,720
50014,1,200254,1,720
50014,1,200264,1,720
50014,1,200274,1,720
50014,1,200414,1,80
50014,1,200424,1,80
50014,1,200434,1,80
50014,1,200444,1,80
50014,1,200454,1,80
50015,1,200235,1,640
50015,1,200245,1,640
50015,1,200255,1,640
50015,1,200265,1,640
50015,1,200275,1,640
50015,1,200415,1,160
50015,1,200425,1,160
50015,1,200435,1,160
50015,1,200445,1,160
50015,1,200455,1,160
50016,1,200236,1,640
50016,1,200246,1,640
50016,1,200256,1,640
50016,1,200266,1,640
50016,1,200276,1,640
50016,1,200416,1,160
50016,1,200426,1,160
50016,1,200436,1,160
50016,1,200446,1,160
50016,1,200456,1,160
50017,1,200237,1,560
50017,1,200247,1,560
50017,1,200257,1,560
50017,1,200267,1,560
50017,1,200277,1,560
50017,1,200417,1,240
50017,1,200427,1,240
50017,1,200437,1,240
50017,1,200447,1,240
50017,1,200457,1,240
50018,1,200238,1,560
50018,1,200248,1,560
50018,1,200258,1,560
50018,1,200268,1,560
50018,1,200278,1,560
50018,1,200418,1,240
50018,1,200428,1,240
50018,1,200438,1,240
50018,1,200448,1,240
50018,1,200458,1,240
50019,1,200239,1,480
50019,1,200249,1,480
50019,1,200259,1,480
50019,1,200269,1,480
50019,1,200279,1,480
50019,1,200419,1,320
50019,1,200429,1,320
50019,1,200439,1,320
50019,1,200449,1,320
50019,1,200459,1,320
50020,1,200240,1,480
50020,1,200250,1,480
50020,1,200260,1,480
50020,1,200270,1,480
50020,1,200280,1,480
50020,1,200420,1,320
50020,1,200430,1,320
50020,1,200440,1,320
50020,1,200450,1,320
50020,1,200460,1,320
50021,1,200101,1,480
50021,1,200111,1,480
50021,1,200121,1,480
50021,1,200131,1,480
50021,1,200141,1,480
50021,1,200281,1,320
50021,1,200291,1,320
50021,1,200301,1,320
50021,1,200311,1,320
50021,1,200321,1,320
50022,1,200282,1,720
50022,1,200292,1,720
50022,1,200302,1,720
50022,1,200312,1,720
50022,1,200322,1,720
50022,1,200462,1,80
50022,1,200472,1,80
50022,1,200482,1,80
50022,1,200492,1,80
50022,1,200502,1,80
50023,1,200283,1,720
50023,1,200293,1,720
50023,1,200303,1,720
50023,1,200313,1,720
50023,1,200323,1,720
50023,1,200463,1,80
50023,1,200473,1,80
50023,1,200483,1,80
50023,1,200493,1,80
50023,1,200503,1,80
50024,1,200284,1,720
50024,1,200294,1,720
50024,1,200304,1,720
50024,1,200314,1,720
50024,1,200324,1,720
50024,1,200464,1,80
50024,1,200474,1,80
50024,1,200484,1,80
50024,1,200494,1,80
50024,1,200504,1,80
50025,1,200285,1,640
50025,1,200295,1,640
50025,1,200305,1,640
50025,1,200315,1,640
50025,1,200325,1,640
50025,1,200465,1,160
50025,1,200475,1,160
50025,1,200485,1,160
50025,1,200495,1,160
50025,1,200505,1,160
50026,1,200286,1,640
50026,1,200296,1,640
50026,1,200306,1,640
50026,1,200316,1,640
50026,1,200326,1,640
50026,1,200466,1,160
50026,1,200476,1,160
50026,1,200486,1,160
50026,1,200496,1,160
50026,1,200506,1,160
50027,1,200287,1,560
50027,1,200297,1,560
50027,1,200307,1,560
50027,1,200317,1,560
50027,1,200327,1,560
50027,1,200467,1,240
50027,1,200477,1,240
50027,1,200487,1,240
50027,1,200497,1,240
50027,1,200507,1,240
50028,1,200288,1,560
50028,1,200298,1,560
50028,1,200308,1,560
50028,1,200318,1,560
50028,1,200328,1,560
50028,1,200468,1,240
50028,1,200478,1,240
50028,1,200488,1,240
50028,1,200498,1,240
50028,1,200508,1,240
50029,1,200289,1,480
50029,1,200299,1,480
50029,1,200309,1,480
50029,1,200319,1,480
50029,1,200329,1,480
50029,1,200469,1,320
50029,1,200479,1,320
50029,1,200489,1,320
50029,1,200499,1,320
50029,1,200509,1,320
50030,1,200290,1,480
50030,1,200300,1,480
50030,1,200310,1,480
50030,1,200320,1,480
50030,1,200330,1,480
50030,1,200470,1,320
50030,1,200480,1,320
50030,1,200490,1,320
50030,1,200500,1,320
50030,1,200510,1,320
50031,1,200151,1,2400
50031,1,200331,1,1600
50032,1,200332,1,3600
50032,1,200512,1,400
50033,1,200333,1,3600
50033,1,200513,1,400
50034,1,200334,1,3600
50034,1,200514,1,400
50035,1,200335,1,3200
50035,1,200515,1,800
50036,1,200336,1,3200
50036,1,200516,1,800
50037,1,200337,1,2800
50037,1,200517,1,1200
50038,1,200338,1,2800
50038,1,200518,1,1200
50039,1,200339,1,2400
50039,1,200519,1,1600
50040,1,200340,1,2400
50040,1,200520,1,1600
50041,1,200161,1,2400
50041,1,200341,1,1600
50042,1,200342,1,3600
50042,1,200522,1,400
50043,1,200343,1,3600
50043,1,200523,1,400
50044,1,200344,1,3600
50044,1,200524,1,400
50045,1,200345,1,3200
50045,1,200525,1,800
50046,1,200346,1,3200
50046,1,200526,1,800
50047,1,200347,1,2800
50047,1,200527,1,1200
50048,1,200348,1,2800
50048,1,200528,1,1200
50049,1,200349,1,2400
50049,1,200529,1,1600
50050,1,200350,1,2400
50050,1,200530,1,1600
50051,1,200171,1,2400
50051,1,200351,1,1600
50052,1,200352,1,3600
50052,1,200532,1,400
50053,1,200353,1,3600
50053,1,200533,1,400
50054,1,200354,1,3600
50054,1,200534,1,400
50055,1,200355,1,3200
50055,1,200535,1,800
50056,1,200356,1,3200
50056,1,200536,1,800
50057,1,200357,1,2800
50057,1,200537,1,1200
50058,1,200358,1,2800
50058,1,200538,1,1200
50059,1,200359,1,2400
50059,1,200539,1,1600
50060,1,200360,1,2400
50060,1,200540,1,1600
60001,1,1001#2,1,10000
60001,2,1002#1,1,10000
60001,3,1003#1,1,10000
60001,4,1004#0,1,10000
60001,5,1005#1,1,10000
60001,6,1006#0,1,10000
60001,7,1007#1,1,10000
60001,8,1008#0,1,10000
60001,9,1009#2,1,10000
60001,10,1010#2,1,10000
60001,11,1011#0,1,10000
60001,12,1012#1,1,10000
60001,13,1013#0,1,10000
60001,14,1014#0,1,10000
60001,15,1015#1,1,10000
60001,16,1016#1,1,10000
60001,17,1017#2,1,10000
60001,18,1018#0,1,10000
60001,19,1019#0,1,10000
60001,20,1020#2,1,10000
60001,21,1021#1,1,10000
60001,22,1022#1,1,10000
60001,23,1023#0,1,10000
60001,24,1024#1,1,10000
60001,25,1025#1,1,10000
60001,26,1026#2,1,10000
60001,27,1027#2,1,10000
60001,28,1028#1,1,10000
60001,29,1029#0,1,10000
60001,30,1030#2,1,10000
60001,31,1031#1,1,10000
60001,32,1032#2,1,10000
60001,33,1033#2,1,10000
60002,1,200720,1,10000
60002,2,200540,1,10000
60003,1,4001,20,10000
60004,1,200542,1,2000
60004,1,200552,1,2000
60004,1,200562,1,2000
60004,1,200572,1,2000
60004,1,200582,1,2000
60005,1,200592,1,2000
60005,1,200602,1,2000
60005,1,200612,1,2000
60005,1,200622,1,2000
60005,1,200632,1,2000
60006,1,200543,1,2000
60006,1,200553,1,2000
60006,1,200563,1,2000
60006,1,200573,1,2000
60006,1,200583,1,2000
60007,1,200593,1,2000
60007,1,200603,1,2000
60007,1,200613,1,2000
60007,1,200623,1,2000
60007,1,200633,1,2000
70001,1,2,50,10000
70001,2,4,10000,10000
70001,3,1,20000,10000
70001,4,17,60,10000
70002,1,2,100,10000
70002,2,4,20000,10000
70002,3,1,40000,10000
70002,4,200361,1,10000
70003,1,2,100,10000
70003,2,4,30000,10000
70003,3,1,60000,10000
70003,4,200422,1,10000
70004,1,2,150,10000
70004,2,4,40000,10000
70004,3,1,80000,10000
70004,4,17,90,10000
70005,1,2,150,10000
70005,2,4,50000,10000
70005,3,1,100000,10000
70005,4,200453,1,10000
70006,1,2,150,10000
70006,2,4,60000,10000
70006,3,1,120000,10000
70006,4,17,120,10000
70007,1,2,300,10000
70007,2,4,70000,10000
70007,3,1,140000,10000
70007,4,1017#2,1,10000
80001,1,19997,1,300
90002,1,19005,1,10000
90003,1,13022,30,10000
90004,1,13001,80,10000
90005,1,1,50000,10000
90006,1,13008,10,10000
90007,1,13031,30,10000
90008,1,13030,80,10000
90009,1,4,30000,10000
90010,1,19005,1,10000
90011,1,19007,1,10000
90012,1,13010,80,10000
90013,1,19997,3,10000
90014,1,19006,1,10000
90015,1,19008,1,10000
90016,1,13017,80,10000
